,Year,Week,station_id,TempMax_C,TempMin_C,Rain_mm,Average_snow_deepth_10years,SnowAvgDepth_cm_roll3
0,2014,1,71032,4.714285714285714,-2.0,40.6,,
7,2014,2,71032,2.6571428571428575,-1.6857142857142857,8.0,,
14,2014,3,71032,-1.0285714285714287,-4.114285714285715,4.2,,
21,2014,4,71032,-1.3142857142857143,-4.357142857142857,0.4,,
28,2014,5,71032,-1.6857142857142857,-5.185714285714285,3.0,,
35,2014,6,71032,-1.8714285714285717,-5.414285714285714,3.5999999999999996,,
42,2014,7,71032,1.2571428571428573,-4.5,3.4,,
49,2014,8,71032,-0.8285714285714286,-3.6666666666666665,28.0,,
56,2014,9,71032,2.2,-4.628571428571428,0.0,,
63,2014,10,71032,1.5142857142857142,-7.042857142857143,0.6000000000000001,,
70,2014,11,71032,2.371428571428571,-4.257142857142857,19.4,,
77,2014,12,71032,3.957142857142857,-2.957142857142857,15.0,,
84,2014,13,71032,0.8142857142857143,-5.457142857142857,9.4,,
91,2014,14,71032,3.957142857142857,-1.4000000000000001,48.8,,
98,2014,15,71032,4.3,-2.0,0.0,,
105,2015,1,71032,7.528571428571429,-2.1285714285714286,6.0,,
112,2015,2,71032,2.1571428571428575,-2.971428571428571,53.0,,
119,2015,3,71032,6.7,-0.9571428571428571,1.4,,
126,2015,4,71032,2.242857142857143,-5.0,0.0,,
133,2015,5,71032,0.27142857142857146,-5.042857142857143,1.5999999999999999,,
140,2015,6,71032,-1.8714285714285714,-7.671428571428572,8.6,,
147,2015,7,71032,-0.7999999999999999,-3.9285714285714284,3.6,,
154,2015,8,71032,-0.4142857142857143,-4.371428571428572,22.0,,
161,2015,9,71032,-2.0142857142857142,-6.8428571428571425,2.8000000000000003,,
168,2015,10,71032,0.28571428571428586,-4.742857142857143,1.6,,
175,2015,11,71032,2.1428571428571432,-3.228571428571428,18.8,,
182,2015,12,71032,0.18571428571428572,-3.9857142857142853,28.8,,
189,2015,13,71032,1.0571428571428572,-3.9857142857142853,11.0,,
196,2015,14,71032,5.7,-2.314285714285714,1.2,,
203,2015,15,71032,2.3,1.9,8.8,,
210,2016,1,71032,3.742857142857143,-1.4428571428571428,57.6,,
217,2016,2,71032,2.685714285714286,-0.5,57.8,,
224,2016,3,71032,-2.6142857142857143,-5.985714285714286,1.4,,
231,2016,4,71032,1.5142857142857145,-3.814285714285714,3.4,,
238,2016,5,71032,-0.4142857142857142,-2.8857142857142857,44.2,,
245,2016,6,71032,4.414285714285714,-2.514285714285714,13.6,,
252,2016,7,71032,-0.057142857142857086,-4.128571428571429,95.6,,
259,2016,8,71032,-0.11428571428571425,-3.9714285714285715,8.0,,
266,2016,9,71032,1.0142857142857142,-6.057142857142857,20.6,,
273,2016,10,71032,2.0714285714285716,-3.3714285714285714,3.4,,
280,2016,11,71032,0.2285714285714286,-3.357142857142857,19.2,,
287,2016,12,71032,0.7285714285714285,-4.5,91.0,,
294,2016,13,71032,5.057142857142857,-1.342857142857143,33.0,,
301,2016,14,71032,4.671428571428572,-0.14285714285714288,65.6,,
308,2016,15,71032,-0.2,-3.5,17.4,,
315,2017,1,71032,5.3428571428571425,-1.3,1.4,,
322,2017,2,71032,6.557142857142857,-1.385714285714286,0.0,,
329,2017,3,71032,-0.2571428571428572,-4.728571428571429,0.2,,
336,2017,4,71032,0.5428571428571429,-4.928571428571429,21.8,,
343,2017,5,71032,-2.0142857142857142,-6.3999999999999995,1.4000000000000001,,
350,2017,6,71032,-1.4428571428571428,-4.683333333333334,13.200000000000001,,
357,2017,7,71032,-0.5571428571428572,-4.714285714285714,13.2,,
364,2017,8,71032,0.8571428571428571,-4.8,9.2,,
371,2017,9,71032,-0.5142857142857143,-4.5285714285714285,1.2000000000000002,,
378,2017,10,71032,0.7,-1.7857142857142858,89.60000000000001,,
385,2017,11,71032,-1.842857142857143,-6.171428571428571,5.0,,
392,2017,12,71032,-0.6571428571428573,-7.571428571428571,3.2,,
399,2017,13,71032,0.4142857142857143,-4.571428571428571,0.0,,
406,2017,14,71032,1.6285714285714286,-3.2285714285714286,3.8000000000000003,,
413,2017,15,71032,0.1,-6.1,1.6,,
420,2018,1,71032,0.3714285714285715,-2.914285714285714,55.2,,
427,2018,2,71032,-1.5857142857142856,-5.785714285714286,19.2,,
434,2018,3,71032,1.6142857142857143,-4.371428571428572,2.2,,
441,2018,4,71032,2.3857142857142857,-3.414285714285714,12.2,,
448,2018,5,71032,-0.7571428571428571,-5.742857142857143,28.2,,
455,2018,6,71032,-0.7142857142857143,-5.471428571428571,13.600000000000001,,
462,2018,7,71032,-0.19999999999999998,-5.614285714285715,16.0,,
469,2018,8,71032,0.20000000000000004,-4.328571428571428,31.6,,
476,2018,9,71032,0.9,,0.0,,
483,2018,10,71032,-0.2285714285714285,-4.457142857142857,17.8,,
490,2018,11,71032,-2.3000000000000003,-6.8500000000000005,1.8,,
497,2018,12,71032,0.8857142857142858,-5.616666666666667,0.4,,
504,2018,13,71032,0.5800000000000001,-5.0,11.4,,
511,2018,14,71032,6.285714285714286,-1.1571428571428573,0.0,,
518,2018,15,71032,6.2,2.1,0.0,,
525,2019,1,71032,3.1571428571428575,0.25714285714285706,73.4,,
532,2019,2,71032,-0.7428571428571429,-6.828571428571428,3.6,,
539,2019,3,71032,3.6999999999999997,-4.442857142857143,0.4,,
546,2019,4,71032,3.585714285714286,-4.071428571428571,23.599999999999998,,
553,2019,5,71032,-0.6,-3.6999999999999997,56.2,,
560,2019,6,71032,-0.7714285714285715,-5.271428571428571,6.8,,
567,2019,7,71032,2.257142857142857,-2.914285714285714,10.600000000000001,,
574,2019,8,71032,2.6,-4.014285714285714,3.8000000000000003,,
581,2019,9,71032,-0.27142857142857135,-4.171428571428572,18.2,,
588,2019,10,71032,0.35714285714285715,-5.614285714285714,3.6,,
595,2019,11,71032,-0.12857142857142856,-5.0,15.8,,
602,2019,12,71032,2.1285714285714286,-6.271428571428571,3.0,,
609,2019,13,71032,4.1,-1.3666666666666665,14.6,,
616,2019,14,71032,3.3714285714285714,-3.4285714285714284,6.8,,
623,2019,15,71032,5.8,1.0,0.0,,
630,2020,1,71032,4.085714285714285,-2.2857142857142856,44.8,,
637,2020,2,71032,2.6,-1.7714285714285716,62.2,,
644,2020,3,71032,1.1,-5.228571428571429,1.0,,
651,2020,4,71032,0.4142857142857143,-4.285714285714286,27.599999999999998,,
658,2020,5,71032,1.5714285714285714,-2.9428571428571426,30.2,,
665,2020,6,71032,0.05714285714285714,-5.028571428571429,33.8,,
672,2020,7,71032,2.642857142857143,-2.2714285714285714,15.4,,
679,2020,8,71032,3.371428571428571,-2.4714285714285715,26.400000000000002,,
686,2020,9,71032,-0.7999999999999999,-5.314285714285715,39.0,,
693,2020,10,71032,1.5714285714285714,-2.4,36.2,,
700,2020,11,71032,-2.6,-5.1571428571428575,28.0,,
707,2020,12,71032,0.38571428571428573,-5.228571428571429,5.3999999999999995,,
714,2020,13,71032,4.814285714285715,-2.2285714285714286,0.7999999999999999,,
721,2020,14,71032,6.428571428571429,-0.042857142857142864,17.2,,
728,2020,15,71032,7.9,-0.6,0.0,,
735,2021,1,71032,-0.18333333333333335,-3.3666666666666667,47.2,,
742,2021,2,71032,6.344131569286608e-17,-4.385714285714285,12.200000000000001,,
749,2021,3,71032,1.1285714285714286,-4.0285714285714285,98.4,,
756,2021,4,71032,-0.04285714285714289,-3.6142857142857143,6.800000000000001,,
763,2021,5,71032,0.5857142857142856,-4.8999999999999995,0.0,,
770,2021,6,71032,0.0,-2.725,30.2,,
777,2021,7,71032,,,0.0,,
784,2021,8,71032,-2.1,-3.9,0.0,,
791,2021,9,71032,1.6428571428571428,-4.1,4.0,,
798,2021,10,71032,,-1.6,0.0,,
805,2021,11,71032,1.8200000000000003,-1.3499999999999999,30.799999999999997,,
812,2021,12,71032,0.9571428571428572,-4.2,12.399999999999999,,
819,2021,13,71032,4.2,-1.1428571428571428,118.6,,
826,2021,14,71032,3.142857142857143,-1.5285714285714285,4.8,,
833,2021,15,71032,4.1,-6.8,0.0,,
840,2022,1,71032,-0.6857142857142857,-4.685714285714285,1.0,,
847,2022,2,71032,1.6999999999999997,-3.3857142857142857,27.2,,
854,2022,3,71032,1.5142857142857142,-3.5142857142857147,9.8,,
861,2022,4,71032,1.4285714285714286,-4.571428571428571,2.6,,
868,2022,5,71032,-0.9857142857142858,-5.371428571428572,2.1999999999999997,,
875,2022,6,71032,-1.4142857142857144,-6.3999999999999995,8.4,,
882,2022,7,71032,1.1,-3.7285714285714286,22.8,,
889,2022,8,71032,0.2571428571428572,-5.114285714285714,33.6,,
896,2022,9,71032,0.09999999999999999,-4.285714285714286,132.79999999999998,,
903,2022,10,71032,-0.07142857142857142,-3.5142857142857147,24.8,,
910,2022,11,71032,-0.5285714285714286,-4.514285714285714,44.4,,
917,2022,12,71032,2.557142857142857,-3.4,24.6,,
924,2022,13,71032,3.442857142857143,-5.357142857142857,0.6000000000000001,,
931,2022,14,71032,1.5714285714285714,-3.2714285714285714,35.4,,
938,2022,15,71032,3.3,-3.5,0.0,,
945,2023,1,71032,0.8571428571428571,-3.085714285714286,51.6,,
952,2023,2,71032,-0.9142857142857143,-4.185714285714286,5.4,,
959,2023,3,71032,-1.657142857142857,-4.571428571428571,26.2,,
966,2023,4,71032,0.7285714285714285,-3.5142857142857147,21.0,,
973,2023,5,71032,0.6714285714285715,-3.014285714285714,12.0,,
980,2023,6,71032,3.2142857142857144,-3.357142857142857,1.6,,
987,2023,7,71032,3.014285714285714,-4.114285714285715,1.2,,
994,2023,8,71032,3.557142857142857,-1.0714285714285714,8.0,,
1001,2023,9,71032,3.983333333333333,-2.1142857142857143,36.0,,
1008,2023,10,71032,1.0285714285714285,-4.571428571428571,7.4,,
1015,2023,11,71032,3.6999999999999997,-2.2,23.799999999999997,,
1022,2023,12,71032,4.3500000000000005,-0.25999999999999995,21.4,,
1029,2023,13,71032,5.9,-5.15,6.0,,
1036,2023,14,71032,,,37.0,,
1043,2023,15,71032,,,0.0,,
1050,2024,1,71032,1.757142857142857,-3.2714285714285714,38.99999999999999,,
1057,2024,2,71032,-0.7000000000000001,-6.071428571428571,1.2000000000000002,,
1064,2024,3,71032,0.37142857142857144,-3.557142857142857,13.6,,
1071,2024,4,71032,-0.7142857142857143,-7.8,18.2,,
1078,2024,5,71032,2.2285714285714286,-2.4714285714285715,8.6,,
1085,2024,6,71032,-1.6285714285714286,-5.285714285714286,16.4,,
1092,2024,7,71032,0.6714285714285714,-4.1571428571428575,24.4,,
1099,2024,8,71032,-0.0571428571428571,-7.542857142857143,4.6,,
1106,2024,9,71032,2.3428571428571425,-4.371428571428572,0.0,,
1113,2024,10,71032,4.328571428571428,-0.8428571428571429,17.6,,
1120,2024,11,71032,3.5,-0.7000000000000001,29.8,,
1127,2024,12,71032,2.5,-1.1714285714285713,69.4,,
1134,2024,13,71032,4.614285714285714,-0.7000000000000001,23.6,,
1141,2024,14,71032,5.857142857142857,-1.2428571428571427,11.4,,
1148,2024,15,71032,-0.6,-8.2,6.2,,
1155,2025,1,71032,-0.7857142857142856,-5.3,2.2,,
1162,2025,2,71032,3.9714285714285715,-1.9285714285714286,1.7999999999999998,,
1169,2025,3,71032,0.6166666666666667,-3.5142857142857147,12.600000000000001,,
1176,2025,4,71032,1.3714285714285717,-3.5571428571428574,20.2,,
1183,2025,5,71032,-0.9285714285714286,-3.9714285714285715,15.8,,
1190,2025,6,71032,-1.957142857142857,-6.1000000000000005,6.6000000000000005,,
1197,2025,7,71032,-0.375,-5.66,27.0,,
1,2014,1,71075,6.328571428571428,-1.5857142857142856,62.0,,
8,2014,2,71075,5.257142857142857,-1.8571428571428572,13.799999999999999,,
15,2014,3,71075,0.8857142857142856,-2.457142857142857,220.6,,
22,2014,4,71075,2.9428571428571426,-2.457142857142857,53.8,,
29,2014,5,71075,1.1857142857142857,-3.757142857142857,39.0,,
36,2014,6,71075,1.7857142857142858,-4.357142857142857,51.4,,
43,2014,7,71075,5.085714285714286,-4.357142857142857,5.0,,
50,2014,8,71075,1.7714285714285716,-3.6571428571428575,58.199999999999996,,
57,2014,9,71075,5.2,-5.542857142857143,2.6,,
64,2014,10,71075,4.042857142857143,-7.957142857142857,10.8,,
71,2014,11,71075,5.628571428571428,-3.257142857142857,68.4,,
78,2014,12,71075,6.528571428571428,-3.685714285714286,32.4,,
85,2014,13,71075,4.7,-4.3,35.2,,
92,2014,14,71075,6.885714285714286,-0.6428571428571429,49.0,,
99,2014,15,71075,7.5,-2.8,0.0,,
106,2015,1,71075,9.885714285714286,-3.5714285714285716,1.5999999999999999,,
113,2015,2,71075,3.814285714285714,-2.2714285714285714,87.2,,
120,2015,3,71075,9.014285714285714,-3.2857142857142856,0.0,,
127,2015,4,71075,4.642857142857143,-6.728571428571429,6.800000000000001,,
134,2015,5,71075,2.642857142857143,-4.5,55.4,,
141,2015,6,71075,0.7714285714285715,-6.2,33.6,,
148,2015,7,71075,1.2571428571428573,-2.7285714285714286,102.60000000000001,,
155,2015,8,71075,1.8142857142857143,-3.3000000000000003,90.6,,
162,2015,9,71075,1.0285714285714285,-7.028571428571429,20.8,,
169,2015,10,71075,3.2714285714285714,-3.0857142857142854,10.8,,
176,2015,11,71075,5.585714285714286,-2.9142857142857146,23.2,,
183,2015,12,71075,3.1000000000000005,-2.5714285714285716,92.8,,
190,2015,13,71075,4.914285714285714,-3.628571428571429,35.6,,
197,2015,14,71075,8.442857142857141,-1.4142857142857144,5.8,,
204,2015,15,71075,4.7,4.3,9.2,,
211,2016,1,71075,5.700000000000001,-2.8285714285714287,97.2,,
218,2016,2,71075,4.142857142857143,0.9714285714285715,127.4,,
225,2016,3,71075,1.3142857142857143,-5.6000000000000005,61.400000000000006,,
232,2016,4,71075,3.9857142857142853,-2.4428571428571426,34.6,,
239,2016,5,71075,1.7142857142857142,-1.4000000000000001,109.4,,
246,2016,6,71075,8.280000000000001,-1.942857142857143,25.8,,
253,2016,7,71075,1.5285714285714285,-2.857142857142857,243.8,,
260,2016,8,71075,2.1285714285714286,-3.042857142857143,30.200000000000003,,
267,2016,9,71075,3.242857142857143,-4.6,31.200000000000003,,
274,2016,10,71075,4.771428571428571,-2.7142857142857144,7.4,,
281,2016,11,71075,3.0,-2.0571428571428574,51.800000000000004,,
288,2016,12,71075,4.442857142857142,-4.0,51.199999999999996,,
295,2016,13,71075,8.4,-0.5,80.6,,
302,2016,14,71075,7.771428571428571,0.7857142857142857,54.0,,
309,2016,15,71075,1.2,-2.0,52.4,,
316,2017,1,71075,9.428571428571429,-2.5714285714285716,0.8,,
323,2017,2,71075,9.885714285714286,-4.228571428571429,0.0,,
330,2017,3,71075,2.857142857142857,-4.8999999999999995,1.5999999999999999,,
337,2017,4,71075,2.8142857142857145,-4.914285714285714,49.6,,
344,2017,5,71075,0.7571428571428571,-5.642857142857143,5.8,,
351,2017,6,71075,1.5,-4.242857142857143,35.6,,
358,2017,7,71075,2.0571428571428574,-4.228571428571429,40.0,,
365,2017,8,71075,3.8428571428571425,-3.557142857142857,23.4,,
372,2017,9,71075,1.7571428571428573,-2.742857142857143,91.2,,
379,2017,10,71075,2.5714285714285716,-0.12857142857142853,206.4,,
386,2017,11,71075,0.7857142857142857,-4.928571428571429,43.6,,
393,2017,12,71075,2.6,-8.171428571428573,7.4,,
400,2017,13,71075,2.9285714285714284,-3.9857142857142853,54.4,,
407,2017,14,71075,5.071428571428571,-1.0714285714285714,35.0,,
414,2017,15,71075,1.2,-3.5,8.6,,
421,2018,1,71075,2.9714285714285715,-2.2285714285714286,86.4,,
428,2018,2,71075,1.7714285714285716,-5.242857142857143,53.0,,
435,2018,3,71075,4.785714285714286,-4.914285714285714,7.199999999999999,,
442,2018,4,71075,4.6571428571428575,-3.4857142857142853,20.2,,
449,2018,5,71075,2.457142857142857,-6.142857142857143,53.4,,
456,2018,6,71075,1.8714285714285714,-5.271428571428571,29.0,,
463,2018,7,71075,2.1,-5.014285714285714,33.2,,
470,2018,8,71075,3.085714285714286,-2.7857142857142856,50.8,,
477,2018,9,71075,2.2142857142857144,-3.057142857142857,103.4,,
484,2018,10,71075,2.3285714285714287,-2.7285714285714286,60.2,,
491,2018,11,71075,0.9142857142857144,-5.957142857142857,46.6,,
498,2018,12,71075,3.7714285714285714,-6.685714285714285,2.6,,
505,2018,13,71075,4.371428571428572,-3.3857142857142857,68.4,,
512,2018,14,71075,8.385714285714286,-0.0714285714285715,0.0,,
519,2018,15,71075,9.9,3.6,0.0,,
526,2019,1,71075,5.328571428571428,1.6142857142857143,67.2,,
533,2019,2,71075,2.6285714285714286,-6.828571428571428,2.4,,
540,2019,3,71075,6.8428571428571425,-4.628571428571428,1.2000000000000002,,
547,2019,4,71075,5.557142857142857,-3.6571428571428575,34.4,,
554,2019,5,71075,1.4857142857142858,-2.4857142857142853,134.2,,
561,2019,6,71075,2.5428571428571423,-3.3000000000000003,41.8,,
568,2019,7,71075,4.285714285714286,-2.0285714285714285,28.0,,
575,2019,8,71075,5.685714285714285,-4.771428571428571,4.6,,
582,2019,9,71075,1.8000000000000003,-4.485714285714286,91.2,,
589,2019,10,71075,3.557142857142857,-5.1000000000000005,25.6,,
596,2019,11,71075,3.5285714285714285,-3.1714285714285713,74.6,,
603,2019,12,71075,4.442857142857143,-6.042857142857143,4.6000000000000005,,
610,2019,13,71075,6.385714285714286,-0.6142857142857144,42.4,,
617,2019,14,71075,6.914285714285714,-2.8285714285714287,25.599999999999998,,
624,2019,15,71075,8.7,2.5,0.0,,
631,2020,1,71075,6.0,-2.7714285714285714,51.8,,
638,2020,2,71075,3.9714285714285715,-1.5999999999999999,75.6,,
645,2020,3,71075,4.214285714285714,-4.071428571428571,4.2,,
652,2020,4,71075,2.957142857142857,-3.2857142857142856,47.8,,
659,2020,5,71075,3.9714285714285715,-4.128571428571428,76.0,,
666,2020,6,71075,2.8000000000000003,-4.0,34.4,,
673,2020,7,71075,5.571428571428571,-3.557142857142857,32.4,,
680,2020,8,71075,6.428571428571429,-3.085714285714286,37.8,,
687,2020,9,71075,1.3857142857142857,-4.357142857142857,109.8,,
694,2020,10,71075,4.285714285714286,-0.8571428571428571,34.0,,
701,2020,11,71075,-0.12857142857142856,-3.8714285714285714,128.2,,
708,2020,12,71075,4.428571428571429,-3.857142857142857,11.200000000000001,,
715,2020,13,71075,7.228571428571429,-1.6428571428571428,0.6000000000000001,,
722,2020,14,71075,8.8,1.5142857142857142,24.6,,
729,2020,15,71075,12.0,-2.2,0.0,,
736,2021,1,71075,3.0714285714285716,-2.085714285714286,114.80000000000001,,
743,2021,2,71075,3.1285714285714286,-3.814285714285714,15.6,,
750,2021,3,71075,3.685714285714286,-2.642857142857143,149.4,,
757,2021,4,71075,2.4714285714285715,-3.257142857142857,29.8,,
764,2021,5,71075,3.8714285714285714,-5.571428571428571,0.0,,
771,2021,6,71075,0.6714285714285715,-2.814285714285714,135.6,,
778,2021,7,71075,0.9142857142857144,-4.528571428571429,113.4,,
785,2021,8,71075,2.5285714285714285,-2.857142857142857,88.4,,
792,2021,9,71075,5.085714285714286,-2.1,22.2,,
799,2021,10,71075,3.2428571428571433,-3.042857142857143,52.2,,
806,2021,11,71075,5.242857142857143,-0.8714285714285713,51.0,,
813,2021,12,71075,3.0142857142857147,-2.5714285714285716,34.0,,
820,2021,13,71075,7.428571428571429,1.1857142857142855,80.8,,
827,2021,14,71075,5.8999999999999995,-0.39999999999999997,15.600000000000001,,
834,2021,15,71075,6.5,-6.7,0.0,,
841,2022,1,71075,2.4285714285714284,-4.042857142857143,9.0,,
848,2022,2,71075,4.357142857142857,-3.6,47.8,,
855,2022,3,71075,3.3428571428571425,-2.5142857142857147,14.2,,
862,2022,4,71075,1.842857142857143,-2.9285714285714284,12.600000000000001,,
869,2022,5,71075,1.9714285714285713,-5.6571428571428575,5.0,,
876,2022,6,71075,1.2857142857142858,-6.642857142857143,61.4,,
883,2022,7,71075,3.8714285714285714,-2.1714285714285713,20.8,,
890,2022,8,71075,2.7714285714285714,-3.357142857142857,93.60000000000001,,
897,2022,9,71075,2.757142857142857,-3.8285714285714287,183.8,,
904,2022,10,71075,2.685714285714286,-2.314285714285714,86.2,,
911,2022,11,71075,1.8857142857142857,-3.5,99.8,,
918,2022,12,71075,7.1000000000000005,-2.2,22.200000000000003,,
925,2022,13,71075,5.314285714285715,-4.957142857142857,4.2,,
932,2022,14,71075,4.171428571428572,-2.442857142857143,25.8,,
939,2022,15,71075,6.8,0.4,0.4,,
946,2023,1,71075,3.0,-2.2,98.39999999999999,,
953,2023,2,71075,2.0142857142857147,-3.9285714285714284,29.0,,
960,2023,3,71075,0.2714285714285714,-2.685714285714286,114.0,,
967,2023,4,71075,4.542857142857143,-1.6571428571428573,29.400000000000002,,
974,2023,5,71075,3.0142857142857147,-1.4285714285714286,79.4,,
981,2023,6,71075,5.142857142857143,-2.642857142857143,1.8,,
988,2023,7,71075,5.7,-4.628571428571428,3.6,,
995,2023,8,71075,5.571428571428571,0.19999999999999998,32.8,,
1002,2023,9,71075,6.585714285714286,-2.0571428571428574,27.4,,
1009,2023,10,71075,4.057142857142857,-4.5,10.0,,
1016,2023,11,71075,6.814285714285714,-2.0285714285714285,48.0,,
1023,2023,12,71075,7.514285714285714,-0.17142857142857146,25.6,,
1030,2023,13,71075,9.814285714285715,-1.9285714285714286,10.399999999999999,,
1037,2023,14,71075,7.957142857142857,-2.7142857142857144,54.6,,
1044,2023,15,71075,13.2,8.0,0.0,,
1051,2024,1,71075,3.6571428571428575,-2.9,105.2,,
1058,2024,2,71075,2.1285714285714286,-6.385714285714286,5.4,,
1065,2024,3,71075,3.142857142857143,-2.457142857142857,27.2,,
1072,2024,4,71075,3.085714285714286,-6.6571428571428575,56.400000000000006,,
1079,2024,5,71075,4.728571428571429,-2.414285714285714,3.8000000000000003,,
1086,2024,6,71075,0.5857142857142857,-4.0285714285714285,70.2,,
1093,2024,7,71075,3.6,-1.5142857142857142,77.6,,
1100,2024,8,71075,3.257142857142857,-7.085714285714286,12.200000000000001,,
1107,2024,9,71075,4.728571428571429,-4.457142857142857,0.0,,
1114,2024,10,71075,7.771428571428572,-0.11428571428571428,16.2,,
1121,2024,11,71075,6.3,0.08571428571428578,29.4,,
1128,2024,12,71075,4.585714285714286,0.6714285714285715,92.79999999999998,,
1135,2024,13,71075,7.985714285714286,0.6714285714285715,41.0,,
1142,2024,14,71075,8.971428571428572,-0.7285714285714285,5.4,,
1149,2024,15,71075,3.9,-6.2,12.6,,
1156,2025,1,71075,1.9857142857142858,-4.5,21.799999999999997,,
1163,2025,2,71075,6.114285714285714,-4.0,11.2,,
1170,2025,3,71075,3.4857142857142853,-3.8285714285714287,148.6,,
1177,2025,4,71075,3.957142857142857,-2.414285714285714,37.6,,
1184,2025,5,71075,1.4000000000000001,-2.442857142857143,86.2,,
1191,2025,6,71075,1.7428571428571427,-4.757142857142857,22.6,,
1198,2025,7,71075,2.442857142857143,-3.685714285714286,86.2,,
1204,2025,8,71075,0.9,-1.1,49.0,,
2,2014,1,72161,6.828571428571428,1.5714285714285714,29.200000000000003,,
9,2014,2,72161,6.714285714285714,1.5285714285714285,14.4,,
16,2014,3,72161,1.6714285714285713,-0.8571428571428571,109.0,,
23,2014,4,72161,3.142857142857143,-0.7571428571428571,60.2,,
30,2014,5,72161,1.2714285714285716,-2.257142857142857,44.2,,
37,2014,6,72161,2.7857142857142856,-1.6142857142857143,30.8,,
44,2014,7,72161,5.528571428571429,0.8857142857142858,5.0,,
51,2014,8,72161,3.3714285714285714,-1.0285714285714287,14.799999999999999,,
58,2014,9,72161,4.714285714285714,-0.8428571428571429,0.0,,
65,2014,10,72161,5.8428571428571425,-2.2857142857142856,2.0,,
72,2014,11,72161,8.614285714285714,1.1,6.0,,
79,2014,12,72161,9.057142857142859,0.9571428571428572,1.2,,
86,2014,13,72161,8.4,-0.31428571428571433,6.4,,
93,2014,14,72161,8.885714285714284,2.2714285714285714,25.2,,
100,2014,15,72161,12.4,3.3,0.0,,
107,2015,1,72161,9.028571428571428,2.1714285714285713,1.8,,
114,2015,2,72161,5.5,0.7000000000000001,24.8,,
121,2015,3,72161,8.257142857142856,2.2285714285714286,3.4000000000000004,,
128,2015,4,72161,2.7857142857142856,-3.357142857142857,7.2,,
135,2015,5,72161,3.5285714285714285,-1.5285714285714285,46.4,,
142,2015,6,72161,1.8571428571428572,-2.357142857142857,26.6,,
149,2015,7,72161,2.357142857142857,-0.0714285714285715,58.8,,
156,2015,8,72161,3.1999999999999997,-1.0,70.0,,
163,2015,9,72161,1.4714285714285715,-3.0714285714285716,3.0,,
170,2015,10,72161,2.857142857142857,-0.8857142857142858,9.6,,
177,2015,11,72161,7.057142857142857,0.6428571428571427,27.6,,
184,2015,12,72161,5.028571428571429,-0.42857142857142855,39.199999999999996,,
191,2015,13,72161,6.971428571428571,-0.12857142857142856,22.599999999999998,,
198,2015,14,72161,10.885714285714286,2.1999999999999997,15.6,,
205,2015,15,72161,6.2,5.7,1.0,,
212,2016,1,72161,6.357142857142857,0.8285714285714285,61.0,,
219,2016,2,72161,5.742857142857143,2.442857142857143,85.6,,
226,2016,3,72161,1.4428571428571428,-2.6999999999999997,34.199999999999996,,
233,2016,4,72161,2.7571428571428567,-1.5285714285714285,20.6,,
240,2016,5,72161,3.1714285714285713,0.2285714285714285,32.4,,
247,2016,6,72161,7.685714285714286,0.8,17.2,,
254,2016,7,72161,2.4,-1.0,56.0,,
261,2016,8,72161,2.242857142857143,-1.1142857142857143,30.400000000000002,,
268,2016,9,72161,4.857142857142857,-0.29999999999999993,8.4,,
275,2016,10,72161,5.871428571428572,-0.0142857142857143,2.4,,
282,2016,11,72161,4.371428571428571,0.028571428571428612,38.199999999999996,,
289,2016,12,72161,5.8999999999999995,-0.08571428571428566,29.6,,
296,2016,13,72161,10.228571428571428,3.1142857142857143,53.0,,
303,2016,14,72161,7.871428571428571,3.314285714285714,96.2,,
310,2016,15,72161,2.2,-0.9,21.6,,
317,2017,1,72161,8.828571428571427,2.585714285714286,0.0,,
324,2017,2,72161,9.214285714285714,2.9285714285714284,0.0,,
331,2017,3,72161,3.2142857142857144,-0.7857142857142857,1.4,,
338,2017,4,72161,3.9857142857142853,-1.0857142857142856,68.0,,
345,2017,5,72161,2.185714285714286,-1.657142857142857,22.6,,
352,2017,6,72161,1.6714285714285713,-1.4285714285714286,45.800000000000004,,
359,2017,7,72161,3.4,-1.2428571428571427,24.4,,
366,2017,8,72161,5.057142857142857,-0.6285714285714287,27.0,,
373,2017,9,72161,1.9714285714285715,-1.4142857142857144,76.0,,
380,2017,10,72161,4.642857142857143,1.2,83.2,,
387,2017,11,72161,3.2857142857142856,-2.357142857142857,27.4,,
394,2017,12,72161,4.0,-2.9571428571428577,8.2,,
401,2017,13,72161,3.642857142857143,-1.0285714285714285,14.200000000000001,,
408,2017,14,72161,5.957142857142857,0.6714285714285715,11.2,,
415,2017,15,72161,2.7,-3.1,14.2,,
422,2018,1,72161,3.7714285714285714,0.7000000000000001,72.0,,
429,2018,2,72161,3.228571428571428,-1.2,32.6,,
436,2018,3,72161,5.3428571428571425,-0.31428571428571433,8.0,,
443,2018,4,72161,5.457142857142857,0.4142857142857142,5.4,,
450,2018,5,72161,2.185714285714286,-2.2857142857142856,61.6,,
457,2018,6,72161,2.6714285714285713,-2.9285714285714284,11.4,,
464,2018,7,72161,2.1571428571428575,-1.9857142857142858,9.2,,
471,2018,8,72161,4.242857142857143,-0.11428571428571425,18.200000000000003,,
478,2018,9,72161,3.057142857142857,-1.5142857142857142,69.8,,
485,2018,10,72161,2.442857142857143,-0.9000000000000001,29.0,,
492,2018,11,72161,1.7142857142857142,-2.6000000000000005,28.4,,
499,2018,12,72161,5.371428571428572,-1.042857142857143,1.7999999999999998,,
506,2018,13,72161,6.3999999999999995,0.04285714285714293,70.6,,
513,2018,14,72161,11.028571428571428,2.557142857142857,0.0,,
520,2018,15,72161,9.4,5.7,0.0,,
527,2019,1,72161,6.828571428571428,3.142857142857143,64.8,,
534,2019,2,72161,4.385714285714285,-1.7714285714285711,2.4,,
541,2019,3,72161,7.642857142857143,0.7285714285714285,0.0,,
548,2019,4,72161,7.057142857142857,0.014285714285714235,26.6,,
555,2019,5,72161,2.642857142857143,-0.0285714285714286,91.80000000000001,,
562,2019,6,72161,2.685714285714286,-2.042857142857143,27.4,,
569,2019,7,72161,6.028571428571429,0.2285714285714285,9.4,,
576,2019,8,72161,6.285714285714286,0.2857142857142857,9.2,,
583,2019,9,72161,3.014285714285714,-2.557142857142857,23.6,,
590,2019,10,72161,3.9857142857142853,-2.0571428571428574,3.2,,
597,2019,11,72161,5.014285714285713,-1.4857142857142858,60.0,,
604,2019,12,72161,6.757142857142857,-1.042857142857143,0.2,,
611,2019,13,72161,8.714285714285714,2.7,42.4,,
618,2019,14,72161,6.971428571428571,-0.7428571428571429,14.0,,
625,2019,15,72161,10.8,5.1,0.0,,
632,2020,1,72161,6.528571428571429,2.557142857142857,48.6,,
639,2020,2,72161,4.857142857142857,1.6714285714285713,56.2,,
646,2020,3,72161,4.614285714285714,-0.27142857142857146,23.6,,
653,2020,4,72161,4.3,-0.7428571428571429,18.0,,
660,2020,5,72161,5.442857142857143,1.2571428571428573,4.2,,
667,2020,6,72161,5.0,-0.38571428571428573,12.4,,
674,2020,7,72161,7.142857142857143,1.3714285714285714,7.0,,
681,2020,8,72161,7.371428571428572,1.842857142857143,2.2,,
688,2020,9,72161,3.957142857142857,-1.842857142857143,25.4,,
695,2020,10,72161,5.857142857142857,1.6857142857142857,53.2,,
702,2020,11,72161,4.4,-0.1,9.8,,
709,2020,12,72161,,,0.0,,
716,2020,13,72161,,,0.0,,
723,2020,14,72161,10.714285714285714,3.1166666666666667,15.799999999999999,,
730,2020,15,72161,13.1,4.8,0.0,,
737,2021,1,72161,3.742857142857143,-0.2857142857142857,64.39999999999999,,
744,2021,2,72161,4.628571428571428,-0.35714285714285715,17.6,,
751,2021,3,72161,4.757142857142857,0.7857142857142857,93.39999999999999,,
758,2021,4,72161,3.7428571428571433,-0.35714285714285715,22.8,,
765,2021,5,72161,5.857142857142857,-0.02857142857142863,8.8,,
772,2021,6,72161,1.542857142857143,-1.1285714285714286,67.60000000000001,,
779,2021,7,72161,1.9142857142857144,-2.642857142857143,70.6,,
786,2021,8,72161,3.314285714285714,-0.5714285714285714,43.800000000000004,,
793,2021,9,72161,3.642857142857143,-0.37142857142857144,37.0,,
800,2021,10,72161,4.814285714285715,-0.2428571428571429,22.6,,
807,2021,11,72161,7.442857142857143,1.7285714285714284,28.6,,
814,2021,12,72161,5.6000000000000005,-0.6142857142857144,24.2,,
821,2021,13,72161,9.828571428571427,3.542857142857143,81.6,,
828,2021,14,72161,8.642857142857142,1.8285714285714287,8.0,,
835,2021,15,72161,8.2,-0.2,0.0,,
842,2022,1,72161,2.4714285714285715,-2.1714285714285713,32.0,,
849,2022,2,72161,5.057142857142857,0.07142857142857144,40.4,,
856,2022,3,72161,3.685714285714286,0.10000000000000002,14.0,,
863,2022,4,72161,3.4285714285714284,-0.6142857142857142,3.4,,
870,2022,5,72161,3.0285714285714285,-1.4142857142857144,9.8,,
877,2022,6,72161,2.6999999999999997,-2.642857142857143,15.0,,
884,2022,7,72161,5.757142857142857,0.6714285714285714,24.8,,
891,2022,8,72161,4.071428571428571,-1.3285714285714287,40.6,,
898,2022,9,72161,4.914285714285714,0.2285714285714286,73.39999999999999,,
905,2022,10,72161,3.9,0.0,46.6,,
912,2022,11,72161,3.3857142857142857,-0.8571428571428571,53.4,,
919,2022,12,72161,8.057142857142857,1.3571428571428572,16.0,,
926,2022,13,72161,8.042857142857143,-0.4142857142857144,0.0,,
933,2022,14,72161,6.242857142857143,0.6857142857142857,38.800000000000004,,
940,2022,15,72161,6.4,1.4,1.6,,
947,2023,1,72161,4.214285714285714,0.38571428571428573,60.0,,
954,2023,2,72161,3.5,-1.0714285714285714,32.6,,
961,2023,3,72161,1.1142857142857143,-0.9571428571428571,60.0,,
968,2023,4,72161,5.385714285714286,0.8142857142857143,29.0,,
975,2023,5,72161,3.7142857142857144,-0.04285714285714285,52.4,,
982,2023,6,72161,6.642857142857143,0.6714285714285715,1.0,,
989,2023,7,72161,7.200000000000001,0.3428571428571429,5.2,,
996,2023,8,72161,7.728571428571428,2.4857142857142853,23.4,,
1003,2023,9,72161,8.028571428571428,2.0428571428571427,19.0,,
1010,2023,10,72161,6.3,-0.6714285714285715,13.2,,
1017,2023,11,72161,6.742857142857143,0.4428571428571428,27.6,,
1024,2023,12,72161,9.450000000000001,2.9166666666666665,18.4,,
1031,2023,13,72161,10.471428571428572,1.4428571428571428,2.8,,
1038,2023,14,72161,8.5,1.0714285714285714,20.4,,
1045,2023,15,72161,16.9,10.4,0.0,,
1052,2024,1,72161,4.285714285714286,-0.3857142857142857,70.6,,
1059,2024,2,72161,5.128571428571428,-2.0,3.0,,
1066,2024,3,72161,4.857142857142857,0.39999999999999997,3.8,,
1073,2024,4,72161,4.728571428571429,-1.5142857142857142,19.6,,
1080,2024,5,72161,6.571428571428571,1.042857142857143,26.8,,
1087,2024,6,72161,1.0142857142857142,-2.3000000000000003,20.0,,
1094,2024,7,72161,3.814285714285714,-0.18571428571428575,71.2,,
1101,2024,8,72161,4.085714285714286,-3.0714285714285716,15.6,,
1108,2024,9,72161,5.457142857142857,0.5428571428571428,0.4,,
1115,2024,10,72161,9.914285714285715,4.1571428571428575,22.4,,
1122,2024,11,72161,8.6,2.6285714285714286,22.4,,
1129,2024,12,72161,7.242857142857143,1.9285714285714286,27.2,,
1136,2024,13,72161,10.4,2.085714285714286,18.8,,
1143,2024,14,72161,8.72857142857143,2.142857142857143,24.2,,
1150,2024,15,72161,5.2,-4.7,7.0,,
1157,2025,1,72161,1.557142857142857,-1.6142857142857143,6.6000000000000005,,
1164,2025,2,72161,6.742857142857143,0.7428571428571428,5.8,,
1171,2025,3,72161,3.1833333333333336,-1.0,19.8,,
1178,2025,4,72161,5.8428571428571425,1.0142857142857142,0.0,,
1185,2025,5,72161,2.185714285714286,-0.8428571428571429,72.8,,
1192,2025,6,72161,2.542857142857143,-1.4142857142857144,10.4,,
1199,2025,7,72161,3.757142857142857,-0.32857142857142857,61.2,,
1205,2025,8,72161,2.2,-0.1,54.4,,
3,2014,1,83024,4.271428571428571,-0.014285714285714266,14.2,11.192857142857141,11.192857142857141
10,2014,2,83024,5.257142857142857,-0.34285714285714286,47.6,14.185714285714285,12.689285714285713
17,2014,3,83024,0.3857142857142857,-2.5142857142857147,133.6,24.0,16.45952380952381
24,2014,4,83024,0.9571428571428572,-1.8571428571428572,80.0,32.25,23.478571428571428
31,2014,5,83024,-0.2857142857142857,-3.4,71.4,49.18571428571429,35.14523809523809
38,2014,6,83024,-1.0,-3.585714285714286,37.2,60.15,47.195238095238096
45,2014,7,83024,2.3714285714285714,-1.5142857142857142,26.4,64.78571428571429,58.04047619047619
52,2014,8,83024,0.4428571428571428,-2.985714285714286,101.0,65.90714285714286,63.61428571428572
59,2014,9,83024,1.157142857142857,-3.5142857142857147,6.6000000000000005,70.69285714285715,67.12857142857143
66,2014,10,83024,3.7142857142857144,-3.8714285714285714,5.0,76.34285714285714,70.98095238095239
73,2014,11,83024,4.314285714285715,-0.32857142857142857,0.4,77.94285714285715,74.99285714285715
80,2014,12,83024,7.0857142857142845,1.1714285714285713,0.6000000000000001,79.37142857142858,77.88571428571429
87,2014,13,83024,4.414285714285714,-1.7,29.8,68.46428571428571,75.25952380952383
94,2014,14,83024,5.271428571428571,0.27142857142857146,33.6,55.76428571428572,67.86666666666666
101,2014,15,83024,8.4,1.1,0.0,43.43125,55.886607142857144
108,2015,1,83024,6.5,0.1857142857142857,17.8,11.192857142857141,11.192857142857141
115,2015,2,83024,2.8000000000000003,-1.9285714285714286,8.0,14.185714285714285,12.689285714285713
122,2015,3,83024,6.414285714285714,-0.5571428571428572,0.6,24.0,16.45952380952381
129,2015,4,83024,-0.08571428571428574,-3.8857142857142857,11.799999999999999,32.25,23.478571428571428
136,2015,5,83024,0.6285714285714287,-3.0142857142857147,45.8,49.18571428571429,35.14523809523809
143,2015,6,83024,-1.1428571428571428,-5.2,25.8,60.15,47.195238095238096
150,2015,7,83024,0.2285714285714285,-2.4714285714285715,56.8,64.78571428571429,58.04047619047619
157,2015,8,83024,-0.014285714285714235,-4.328571428571428,68.0,65.90714285714286,63.61428571428572
164,2015,9,83024,-0.6285714285714284,-4.628571428571428,25.6,70.69285714285715,67.12857142857143
171,2015,10,83024,0.2571428571428572,-2.2285714285714286,28.599999999999998,76.34285714285714,70.98095238095239
178,2015,11,83024,3.142857142857143,-1.8571428571428572,2.8000000000000003,77.94285714285715,74.99285714285715
185,2015,12,83024,2.1285714285714286,-2.8285714285714287,24.6,79.37142857142858,77.88571428571429
192,2015,13,83024,3.4857142857142853,-1.3142857142857143,12.600000000000001,68.46428571428571,75.25952380952383
199,2015,14,83024,7.185714285714285,0.25714285714285723,14.0,55.76428571428572,67.86666666666666
206,2015,15,83024,3.3,0.6,10.8,43.43125,55.886607142857144
213,2016,1,83024,5.3999999999999995,-0.8571428571428571,93.0,11.192857142857141,11.192857142857141
220,2016,2,83024,3.414285714285714,0.29999999999999993,99.8,14.185714285714285,12.689285714285713
227,2016,3,83024,-1.0714285714285714,-4.242857142857143,55.6,24.0,16.45952380952381
234,2016,4,83024,0.0,-2.0142857142857142,39.8,32.25,23.478571428571428
241,2016,5,83024,0.6571428571428571,-1.1142857142857143,40.0,49.18571428571429,35.14523809523809
248,2016,6,83024,5.2,-1.1857142857142857,27.2,60.15,47.195238095238096
255,2016,7,83024,0.9285714285714286,-2.8428571428571425,123.60000000000001,64.78571428571429,58.04047619047619
262,2016,8,83024,0.32857142857142857,-2.2285714285714286,92.4,65.90714285714286,63.61428571428572
269,2016,9,83024,1.5571428571428572,-2.9285714285714284,20.8,70.69285714285715,67.12857142857143
276,2016,10,83024,2.4714285714285715,-1.8571428571428572,28.4,76.34285714285714,70.98095238095239
283,2016,11,83024,1.7285714285714284,-1.8857142857142857,133.79999999999998,77.94285714285715,74.99285714285715
290,2016,12,83024,1.8857142857142857,-2.6714285714285713,35.0,79.37142857142858,77.88571428571429
297,2016,13,83024,6.514285714285714,1.0,15.8,68.46428571428571,75.25952380952383
304,2016,14,83024,4.642857142857143,1.1142857142857143,78.6,55.76428571428572,67.86666666666666
311,2016,15,83024,1.6,-2.2,0.0,43.43125,55.886607142857144
318,2017,1,83024,7.014285714285714,0.42857142857142855,0.0,11.192857142857141,11.192857142857141
325,2017,2,83024,6.3428571428571425,0.7,0.0,14.185714285714285,12.689285714285713
332,2017,3,83024,-0.5285714285714286,-3.242857142857143,10.4,24.0,16.45952380952381
339,2017,4,83024,1.2285714285714289,-2.9857142857142853,79.2,32.25,23.478571428571428
346,2017,5,83024,-0.4714285714285714,-3.1142857142857143,48.199999999999996,49.18571428571429,35.14523809523809
353,2017,6,83024,-0.8142857142857143,-3.9,58.2,60.15,47.195238095238096
360,2017,7,83024,0.7571428571428571,-3.142857142857143,45.4,64.78571428571429,58.04047619047619
367,2017,8,83024,2.5285714285714285,-2.042857142857143,16.8,65.90714285714286,63.61428571428572
374,2017,9,83024,0.5428571428571428,-2.4857142857142853,92.6,70.69285714285715,67.12857142857143
381,2017,10,83024,2.142857142857143,-0.6,156.6,76.34285714285714,70.98095238095239
388,2017,11,83024,-0.9714285714285714,-4.628571428571428,58.0,77.94285714285715,74.99285714285715
395,2017,12,83024,0.6428571428571429,-5.6000000000000005,27.4,79.37142857142858,77.88571428571429
402,2017,13,83024,1.3571428571428572,-3.014285714285714,64.8,68.46428571428571,75.25952380952383
409,2017,14,83024,2.1285714285714286,-2.6285714285714286,48.400000000000006,55.76428571428572,67.86666666666666
416,2017,15,83024,1.6,-5.0,23.2,43.43125,55.886607142857144
423,2018,1,83024,2.057142857142857,-1.1714285714285713,128.4,11.192857142857141,11.192857142857141
430,2018,2,83024,-0.1285714285714286,-3.442857142857143,46.8,14.185714285714285,12.689285714285713
437,2018,3,83024,2.2857142857142856,-2.4857142857142853,2.2,24.0,16.45952380952381
444,2018,4,83024,2.0428571428571427,-1.9000000000000001,14.600000000000001,32.25,23.478571428571428
451,2018,5,83024,0.8428571428571429,-3.8285714285714287,42.400000000000006,49.18571428571429,35.14523809523809
458,2018,6,83024,0.2571428571428571,-4.1,20.8,60.15,47.195238095238096
465,2018,7,83024,-0.014285714285714235,-3.5,35.4,64.78571428571429,58.04047619047619
472,2018,8,83024,1.2142857142857142,-2.657142857142857,42.6,65.90714285714286,63.61428571428572
479,2018,9,83024,0.7,-3.442857142857143,119.0,70.69285714285715,67.12857142857143
486,2018,10,83024,-0.1571428571428571,-3.142857142857143,59.6,76.34285714285714,70.98095238095239
493,2018,11,83024,-1.1857142857142857,-4.628571428571428,45.2,77.94285714285715,74.99285714285715
500,2018,12,83024,1.7714285714285716,-4.8428571428571425,3.4,79.37142857142858,77.88571428571429
507,2018,13,83024,2.4714285714285715,-2.7,26.8,68.46428571428571,75.25952380952383
514,2018,14,83024,6.214285714285714,-0.2571428571428572,7.4,55.76428571428572,67.86666666666666
521,2018,15,83024,2.3,2.2,0.0,43.43125,55.886607142857144
528,2019,1,83024,4.0285714285714285,0.5714285714285714,133.79999999999998,11.192857142857141,11.192857142857141
535,2019,2,83024,0.4428571428571428,-3.685714285714286,21.4,14.185714285714285,12.689285714285713
542,2019,3,83024,4.742857142857143,-0.7285714285714285,30.6,24.0,16.45952380952381
549,2019,4,83024,2.742857142857143,-1.657142857142857,64.8,32.25,23.478571428571428
556,2019,5,83024,0.7142857142857143,-1.8285714285714285,104.2,49.18571428571429,35.14523809523809
563,2019,6,83024,0.8428571428571429,-3.4714285714285715,67.8,60.15,47.195238095238096
570,2019,7,83024,2.085714285714286,-2.2857142857142856,16.8,64.78571428571429,58.04047619047619
577,2019,8,83024,4.271428571428571,-1.2285714285714289,9.4,65.90714285714286,63.61428571428572
584,2019,9,83024,0.14285714285714285,-3.585714285714286,18.2,70.69285714285715,67.12857142857143
591,2019,10,83024,0.8714285714285713,-4.1,23.0,76.34285714285714,70.98095238095239
598,2019,11,83024,3.0,-3.7142857142857144,51.4,77.94285714285715,74.99285714285715
605,2019,12,83024,2.857142857142857,-4.057142857142857,16.8,79.37142857142858,77.88571428571429
612,2019,13,83024,4.7,-0.29999999999999993,45.6,68.46428571428571,75.25952380952383
619,2019,14,83024,4.2,-2.6142857142857143,34.0,55.76428571428572,67.86666666666666
626,2019,15,83024,6.8,1.9,1.4,43.43125,55.886607142857144
633,2020,1,83024,4.3999999999999995,-0.557142857142857,76.8,11.192857142857141,11.192857142857141
640,2020,2,83024,2.414285714285714,-0.14285714285714288,51.4,14.185714285714285,12.689285714285713
647,2020,3,83024,2.257142857142857,-2.2857142857142856,27.4,24.0,16.45952380952381
654,2020,4,83024,1.2571428571428573,-2.314285714285714,47.6,32.25,23.478571428571428
661,2020,5,83024,2.2714285714285714,-0.7000000000000001,17.200000000000003,49.18571428571429,35.14523809523809
668,2020,6,83024,3.8285714285714287,-2.185714285714286,5.0,60.15,47.195238095238096
675,2020,7,83024,5.0,0.07142857142857142,3.8000000000000003,64.78571428571429,58.04047619047619
682,2020,8,83024,5.814285714285715,-0.5285714285714286,1.0,65.90714285714286,63.61428571428572
689,2020,9,83024,0.7999999999999999,-4.3428571428571425,17.2,70.69285714285715,67.12857142857143
696,2020,10,83024,3.2285714285714286,-0.2333333333333333,14.600000000000001,76.34285714285714,70.98095238095239
703,2020,11,83024,-1.0571428571428572,-3.685714285714286,72.60000000000001,77.94285714285715,74.99285714285715
710,2020,12,83024,2.5,-3.2857142857142856,25.0,79.37142857142858,77.88571428571429
717,2020,13,83024,4.971428571428571,-1.1,5.0,68.46428571428571,75.25952380952383
724,2020,14,83024,8.942857142857143,1.7,28.0,55.76428571428572,67.86666666666666
731,2020,15,83024,10.3,2.1,0.0,43.43125,55.886607142857144
738,2021,1,83024,2.7857142857142856,-1.5,77.6,11.192857142857141,11.192857142857141
745,2021,2,83024,2.6285714285714286,-1.8,14.6,14.185714285714285,12.689285714285713
752,2021,3,83024,2.8000000000000003,-1.042857142857143,53.6,24.0,16.45952380952381
759,2021,4,83024,0.5285714285714286,-2.6285714285714286,21.8,32.25,23.478571428571428
766,2021,5,83024,2.1285714285714286,-2.242857142857143,11.0,49.18571428571429,35.14523809523809
773,2021,6,83024,0.38571428571428573,-2.6999999999999997,22.8,60.15,47.195238095238096
780,2021,7,83024,-0.35714285714285715,-3.9714285714285715,63.6,64.78571428571429,58.04047619047619
787,2021,8,83024,0.39999999999999997,-2.9,52.599999999999994,65.90714285714286,63.61428571428572
794,2021,9,83024,1.2714285714285716,-2.257142857142857,21.4,70.69285714285715,67.12857142857143
801,2021,10,83024,1.8571428571428572,-1.5857142857142856,18.2,76.34285714285714,70.98095238095239
808,2021,11,83024,2.757142857142857,-1.042857142857143,18.4,77.94285714285715,74.99285714285715
815,2021,12,83024,1.4000000000000001,-2.7714285714285714,16.6,79.37142857142858,77.88571428571429
822,2021,13,83024,6.057142857142857,1.3142857142857143,0.0,68.46428571428571,75.25952380952383
829,2021,14,83024,6.471428571428571,-0.5428571428571429,0.0,55.76428571428572,67.86666666666666
836,2021,15,83024,6.2,-1.7,0.0,43.43125,55.886607142857144
843,2022,1,83024,0.028571428571428564,-3.1999999999999997,9.0,11.192857142857141,11.192857142857141
850,2022,2,83024,2.3428571428571425,-1.0571428571428572,87.4,14.185714285714285,12.689285714285713
857,2022,3,83024,2.2142857142857144,-1.9714285714285713,91.8,24.0,16.45952380952381
864,2022,4,83024,6.242857142857143,-0.24285714285714288,0.0,32.25,23.478571428571428
871,2022,5,83024,0.14285714285714285,-2.8714285714285714,14.8,49.18571428571429,35.14523809523809
878,2022,6,83024,0.07142857142857142,-5.228571428571429,21.2,60.15,47.195238095238096
885,2022,7,83024,2.9,-0.5,26.0,64.78571428571429,58.04047619047619
892,2022,8,83024,1.0142857142857142,-2.9857142857142853,74.19999999999999,65.90714285714286,63.61428571428572
899,2022,9,83024,1.1428571428571428,-1.7285714285714282,35.599999999999994,70.69285714285715,67.12857142857143
906,2022,10,83024,2.3714285714285714,-1.8714285714285714,62.2,76.34285714285714,70.98095238095239
913,2022,11,83024,0.42857142857142855,-3.2428571428571433,80.2,77.94285714285715,74.99285714285715
920,2022,12,83024,5.685714285714285,-0.39999999999999997,42.599999999999994,79.37142857142858,77.88571428571429
927,2022,13,83024,3.1285714285714286,-1.8142857142857143,11.2,68.46428571428571,75.25952380952383
934,2022,14,83024,1.9714285714285715,-1.7285714285714289,107.8,55.76428571428572,67.86666666666666
941,2022,15,83024,3.4,-1.1,5.0,43.43125,55.886607142857144
948,2023,1,83024,1.1857142857142857,-1.5142857142857142,72.0,11.192857142857141,11.192857142857141
955,2023,2,83024,-0.34285714285714286,-3.1999999999999997,48.800000000000004,14.185714285714285,12.689285714285713
962,2023,3,83024,-0.19999999999999998,-2.585714285714286,9.6,24.0,16.45952380952381
969,2023,4,83024,2.9714285714285715,-0.9,66.6,32.25,23.478571428571428
976,2023,5,83024,1.4166666666666667,-1.4428571428571428,75.6,49.18571428571429,35.14523809523809
983,2023,6,83024,3.8285714285714287,-1.5714285714285714,2.0,60.15,47.195238095238096
990,2023,7,83024,3.8428571428571425,-1.6285714285714286,13.6,64.78571428571429,58.04047619047619
997,2023,8,83024,3.8714285714285714,0.2571428571428572,29.6,65.90714285714286,63.61428571428572
1004,2023,9,83024,4.857142857142857,-0.22857142857142856,30.6,70.69285714285715,67.12857142857143
1011,2023,10,83024,2.1,-2.9,25.0,76.34285714285714,70.98095238095239
1018,2023,11,83024,4.7,-0.9428571428571428,34.2,77.94285714285715,74.99285714285715
1025,2023,12,83024,6.571428571428571,0.8142857142857142,24.2,79.37142857142858,77.88571428571429
1032,2023,13,83024,7.242857142857143,-0.7857142857142858,26.2,68.46428571428571,75.25952380952383
1039,2023,14,83024,6.1000000000000005,-0.3857142857142856,34.8,55.76428571428572,67.86666666666666
1046,2023,15,83024,13.8,7.1,0.0,43.43125,55.886607142857144
1053,2024,1,83024,3.6571428571428575,-2.4,58.800000000000004,11.192857142857141,11.192857142857141
1060,2024,2,83024,2.3285714285714287,-3.3428571428571425,2.5999999999999996,14.185714285714285,12.689285714285713
1067,2024,3,83024,1.5,-1.9714285714285715,25.6,24.0,16.45952380952381
1074,2024,4,83024,2.757142857142857,-2.742857142857143,18.2,32.25,23.478571428571428
1081,2024,5,83024,2.2285714285714286,-1.1142857142857143,38.2,49.18571428571429,35.14523809523809
1088,2024,6,83024,-0.39999999999999997,-3.885714285714286,21.8,60.15,47.195238095238096
1095,2024,7,83024,1.4857142857142858,-2.0571428571428574,69.8,64.78571428571429,58.04047619047619
1102,2024,8,83024,1.8285714285714285,-3.7857142857142856,17.4,65.90714285714286,63.61428571428572
1109,2024,9,83024,2.0285714285714285,-1.7,8.200000000000001,70.69285714285715,67.12857142857143
1116,2024,10,83024,6.128571428571428,2.2714285714285714,12.2,76.34285714285714,70.98095238095239
1123,2024,11,83024,4.885714285714286,0.8285714285714285,44.2,77.94285714285715,74.99285714285715
1130,2024,12,83024,4.257142857142857,0.1571428571428572,43.6,79.37142857142858,77.88571428571429
1137,2024,13,83024,6.1000000000000005,-0.6714285714285714,44.4,68.46428571428571,75.25952380952383
1144,2024,14,83024,5.728571428571429,-0.5714285714285714,26.4,55.76428571428572,67.86666666666666
1151,2024,15,83024,0.4,-6.8,3.4,43.43125,55.886607142857144
1158,2025,1,83024,0.6285714285714287,-2.5714285714285716,9.200000000000001,11.192857142857141,11.192857142857141
1165,2025,2,83024,4.8,-0.9714285714285713,15.8,14.185714285714285,12.689285714285713
1172,2025,3,83024,0.9142857142857144,-2.5142857142857147,64.39999999999999,24.0,16.45952380952381
1179,2025,4,83024,2.642857142857143,-1.2857142857142858,3.6,32.25,23.478571428571428
1186,2025,5,83024,0.9142857142857143,-2.4285714285714284,35.8,49.18571428571429,35.14523809523809
1193,2025,6,83024,-0.17142857142857143,-3.8000000000000003,49.2,60.15,47.195238095238096
1200,2025,7,83024,0.6,-2.7714285714285714,48.4,64.78571428571429,58.04047619047619
1206,2025,8,83024,0.3,-1.2,38.0,65.90714285714286,63.61428571428572
4,2014,1,83084,4.6,-0.3,23.8,,
11,2014,2,83084,4.414285714285714,-0.2857142857142857,7.6,,
18,2014,3,83084,0.09999999999999999,-2.8285714285714287,69.6,,
25,2014,4,83084,1.3857142857142857,-2.685714285714286,24.2,,
32,2014,5,83084,-0.7285714285714286,-3.7571428571428567,13.600000000000001,,
39,2014,6,83084,0.28571428571428564,-3.957142857142857,62.8,,
46,2014,7,83084,3.1,-0.8857142857142858,8.6,,
53,2014,8,83084,0.18571428571428558,-3.3285714285714287,33.8,,
60,2014,9,83084,2.3714285714285714,-2.5714285714285716,2.0,,
67,2014,10,83084,3.4,-4.542857142857143,0.0,,
74,2014,11,83084,4.428571428571429,-0.4857142857142857,24.4,,
81,2014,12,83084,7.028571428571429,0.0714285714285714,9.0,,
88,2014,13,83084,3.528571428571429,-2.1,25.4,,
95,2014,14,83084,5.7,-0.1999999999999999,44.8,,
102,2014,15,83084,7.6,1.5,0.0,,
109,2015,1,83084,7.228571428571429,0.15714285714285717,0.2,,
116,2015,2,83084,2.157142857142857,-2.0285714285714285,28.2,,
123,2015,3,83084,7.0,-0.4428571428571429,7.2,,
130,2015,4,83084,1.3714285714285714,-3.914285714285714,3.2,,
137,2015,5,83084,0.5428571428571429,-2.9714285714285715,66.2,,
144,2015,6,83084,-1.2714285714285716,-5.5,5.8,,
151,2015,7,83084,0.2000000000000001,-2.3428571428571425,38.4,,
158,2015,8,83084,-0.39999999999999997,-3.6142857142857143,20.0,,
165,2015,9,83084,-0.28571428571428564,-5.114285714285714,2.8,,
172,2015,10,83084,0.9428571428571428,-2.9,6.4,,
179,2015,11,83084,3.357142857142857,-2.1,2.2,,
186,2015,12,83084,2.0285714285714285,-3.5142857142857147,42.400000000000006,,
193,2015,13,83084,3.242857142857143,-1.7,11.0,,
200,2015,14,83084,7.5,-0.0285714285714286,2.2,,
207,2015,15,83084,3.1,2.8,6.0,,
214,2016,1,83084,5.228571428571429,-0.8499999999999998,45.6,,
221,2016,2,83084,2.985714285714286,0.08571428571428573,67.8,,
228,2016,3,83084,-0.9142857142857143,-4.671428571428572,23.400000000000002,,
235,2016,4,83084,0.34285714285714286,-2.7285714285714286,23.200000000000003,,
242,2016,5,83084,0.8285714285714285,-1.4714285714285715,59.4,,
249,2016,6,83084,5.014285714285714,-1.0285714285714287,6.4,,
256,2016,7,83084,0.5285714285714286,-2.7857142857142856,91.2,,
263,2016,8,83084,3.172065784643304e-17,-2.6714285714285713,29.400000000000002,,
270,2016,9,83084,0.8285714285714285,-3.1285714285714286,15.8,,
277,2016,10,83084,2.185714285714286,-2.085714285714286,5.6,,
284,2016,11,83084,1.042857142857143,-2.157142857142857,31.400000000000002,,
291,2016,12,83084,2.1999999999999997,-2.857142857142857,52.8,,
298,2016,13,83084,6.7,0.8285714285714286,51.00000000000001,,
305,2016,14,83084,5.614285714285714,1.6857142857142855,24.0,,
312,2016,15,83084,0.8,-2.6,0.0,,
319,2017,1,83084,7.257142857142857,0.24285714285714288,0.0,,
326,2017,2,83084,6.8999999999999995,1.0714285714285714,0.0,,
333,2017,3,83084,0.12857142857142856,-3.414285714285714,0.2,,
340,2017,4,83084,2.0714285714285716,-2.8857142857142857,41.4,,
347,2017,5,83084,-0.6285714285714287,-3.585714285714286,3.6,,
354,2017,6,83084,-0.6428571428571429,-4.171428571428572,19.6,,
361,2017,7,83084,0.35714285714285715,-3.7142857142857144,14.8,,
368,2017,8,83084,2.1857142857142855,-2.9285714285714284,6.4,,
375,2017,9,83084,-0.18571428571428575,-2.9857142857142853,37.0,,
382,2017,10,83084,1.542857142857143,-0.6714285714285715,119.4,,
389,2017,11,83084,-0.18571428571428567,-5.0,47.4,,
396,2017,12,83084,0.8285714285714285,-5.957142857142856,18.8,,
403,2017,13,83084,1.3142857142857143,-3.457142857142857,30.4,,
410,2017,14,83084,2.314285714285714,-2.442857142857143,45.0,,
417,2017,15,83084,1.1,-5.4,1.6,,
424,2018,1,83084,1.9285714285714286,-1.4000000000000001,71.8,,
431,2018,2,83084,-0.6142857142857142,-4.242857142857143,119.4,,
438,2018,3,83084,2.4857142857142853,-3.2142857142857144,0.0,,
445,2018,4,83084,2.1142857142857143,-1.9857142857142858,15.6,,
452,2018,5,83084,0.7571428571428572,-3.957142857142857,23.599999999999998,,
459,2018,6,83084,-0.19999999999999998,-4.771428571428571,10.2,,
466,2018,7,83084,-0.41428571428571426,-4.442857142857143,10.2,,
473,2018,8,83084,1.1428571428571428,-2.357142857142857,32.2,,
480,2018,9,83084,0.6285714285714284,-3.9428571428571426,25.599999999999998,,
487,2018,10,83084,-0.42857142857142855,-3.6999999999999997,26.4,,
494,2018,11,83084,-0.6571428571428573,-4.628571428571428,52.0,,
501,2018,12,83084,1.7285714285714284,-4.942857142857143,0.0,,
508,2018,13,83084,2.7285714285714286,-2.8857142857142857,6.6,,
515,2018,14,83084,6.6000000000000005,-0.057142857142857176,0.0,,
522,2018,15,83084,3.4,2.8,0.0,,
529,2019,1,83084,3.857142857142857,0.8571428571428571,133.0,,
536,2019,2,83084,0.028571428571428564,-4.485714285714286,7.800000000000001,,
543,2019,3,83084,4.985714285714286,-0.9571428571428572,0.8,,
550,2019,4,83084,2.085714285714286,-2.2285714285714286,37.2,,
557,2019,5,83084,0.37142857142857144,-2.157142857142857,99.0,,
564,2019,6,83084,0.4142857142857143,-3.9714285714285715,22.2,,
571,2019,7,83084,2.2714285714285714,-2.757142857142857,19.0,,
578,2019,8,83084,4.3,-1.9857142857142855,12.600000000000001,,
585,2019,9,83084,0.5714285714285714,-3.914285714285714,33.8,,
592,2019,10,83084,-0.07142857142857142,-4.271428571428571,36.4,,
599,2019,11,83084,3.0571428571428574,-3.814285714285714,63.39999999999999,,
606,2019,12,83084,3.357142857142857,-4.285714285714286,5.6,,
613,2019,13,83084,5.1571428571428575,-0.2285714285714285,22.4,,
620,2019,14,83084,5.171428571428572,-2.3428571428571425,16.0,,
627,2019,15,83084,6.7,2.6,0.2,,
634,2020,1,83084,3.9714285714285715,-0.2571428571428571,28.400000000000002,,
641,2020,2,83084,2.357142857142857,-0.2571428571428572,94.2,,
648,2020,3,83084,2.557142857142857,-2.6571428571428575,16.0,,
655,2020,4,83084,0.9857142857142858,-3.0,27.800000000000004,,
662,2020,5,83084,2.0142857142857142,-1.0571428571428572,11.2,,
669,2020,6,83084,1.1285714285714286,-2.7428571428571433,31.0,,
676,2020,7,83084,4.428571428571429,-0.7000000000000001,9.600000000000001,,
683,2020,8,83084,5.1000000000000005,-1.5428571428571427,24.0,,
690,2020,9,83084,0.5285714285714286,-4.5285714285714285,42.6,,
697,2020,10,83084,3.1,-0.6714285714285715,62.0,,
704,2020,11,83084,-1.0142857142857145,-4.271428571428571,10.799999999999999,,
711,2020,12,83084,2.9571428571428577,-3.542857142857143,18.6,,
718,2020,13,83084,5.328571428571428,-0.9857142857142858,3.1999999999999997,,
725,2020,14,83084,8.342857142857143,1.157142857142857,24.6,,
732,2020,15,83084,11.3,3.4,0.0,,
739,2021,1,83084,1.757142857142857,-1.6428571428571428,61.2,,
746,2021,2,83084,1.2142857142857142,-1.9857142857142858,21.0,,
753,2021,3,83084,2.1,-1.342857142857143,128.6,,
760,2021,4,83084,0.6571428571428573,-2.8000000000000003,23.6,,
767,2021,5,83084,1.9857142857142858,-2.3285714285714287,7.4,,
774,2021,6,83084,-0.17142857142857143,-2.8000000000000003,61.800000000000004,,
781,2021,7,83084,-0.7000000000000001,-4.314285714285714,42.0,,
788,2021,8,83084,0.6142857142857142,-2.7714285714285714,43.2,,
795,2021,9,83084,1.5999999999999999,-2.6,17.4,,
802,2021,10,83084,1.8000000000000003,-2.157142857142857,11.2,,
809,2021,11,83084,2.742857142857143,-1.1142857142857143,30.999999999999996,,
816,2021,12,83084,0.9714285714285715,-2.9857142857142853,24.6,,
823,2021,13,83084,5.442857142857143,0.9,86.39999999999999,,
830,2021,14,83084,4.5,-1.0714285714285714,9.8,,
837,2021,15,83084,4.4,-3.1,0.6,,
844,2022,1,83084,0.3428571428571429,-4.342857142857143,17.8,,
851,2022,2,83084,2.3857142857142857,-1.4142857142857144,48.6,,
858,2022,3,83084,2.142857142857143,-2.6285714285714286,40.8,,
865,2022,4,83084,2.614285714285714,-3.557142857142857,7.6,,
872,2022,5,83084,-0.5,-3.8000000000000003,9.4,,
879,2022,6,83084,-0.3142857142857142,-5.771428571428571,5.0,,
886,2022,7,83084,2.7857142857142856,-1.3,36.4,,
893,2022,8,83084,0.942857142857143,-3.5714285714285716,19.4,,
900,2022,9,83084,0.9,-2.6142857142857143,112.19999999999999,,
907,2022,10,83084,1.0142857142857142,-2.0714285714285716,28.2,,
914,2022,11,83084,0.2571428571428571,-3.6285714285714286,81.2,,
921,2022,12,83084,4.242857142857143,-0.9142857142857144,58.0,,
928,2022,13,83084,3.1571428571428575,-3.142857142857143,1.2000000000000002,,
935,2022,14,83084,1.7285714285714284,-2.457142857142857,46.6,,
942,2022,15,83084,3.5,-0.8,3.0,,
949,2023,1,83084,0.9142857142857144,-1.8,48.0,,
956,2023,2,83084,-0.14285714285714277,-3.0714285714285716,47.6,,
963,2023,3,83084,-0.6714285714285715,-3.3857142857142857,3.0,,
970,2023,4,83084,2.6285714285714286,-1.8714285714285717,68.8,,
977,2023,5,83084,1.5714285714285714,-2.0714285714285716,43.2,,
984,2023,6,83084,2.7142857142857144,-1.6285714285714283,3.2,,
991,2023,7,83084,3.714285714285715,-1.8000000000000003,3.4,,
998,2023,8,83084,3.242857142857143,-0.12857142857142856,28.6,,
1005,2023,9,83084,4.285714285714286,-0.6714285714285714,37.60000000000001,,
1012,2023,10,83084,2.0,-3.142857142857143,13.200000000000001,,
1019,2023,11,83084,3.8285714285714283,-1.2857142857142858,29.0,,
1026,2023,12,83084,5.914285714285714,0.8142857142857142,30.799999999999997,,
1033,2023,13,83084,7.257142857142857,-1.2428571428571427,10.399999999999999,,
1040,2023,14,83084,6.385714285714286,-1.0428571428571427,32.8,,
1047,2023,15,83084,12.0,6.1,0.0,,
1054,2024,1,83084,2.585714285714286,-2.7857142857142856,45.800000000000004,,
1061,2024,2,83084,1.2571428571428573,-4.728571428571429,3.6,,
1068,2024,3,83084,0.9571428571428572,-2.257142857142857,17.0,,
1075,2024,4,83084,0.6,-3.914285714285714,21.4,,
1082,2024,5,83084,1.7999999999999998,-1.5666666666666667,1.4,,
1089,2024,6,83084,-0.41999999999999993,-4.828571428571428,43.0,,
1096,2024,7,83084,0.74,-2.3,18.0,,
1103,2024,8,83084,3.02,-2.025,0.2,,
1110,2024,9,83084,1.3599999999999999,-1.9400000000000002,4.8,,
1117,2024,10,83084,5.883333333333333,1.92,15.200000000000001,,
1124,2024,11,83084,4.25,0.48333333333333334,34.8,,
1131,2024,12,83084,3.2142857142857144,-0.1571428571428571,75.0,,
1138,2024,13,83084,5.771428571428571,-0.5142857142857141,39.6,,
1145,2024,14,83084,5.8999999999999995,-0.5857142857142856,22.2,,
1152,2024,15,83084,1.2,-6.9,6.2,,
1159,2025,1,83084,-0.19999999999999998,-3.314285714285714,9.6,,
1166,2025,2,83084,3.7714285714285714,-0.8857142857142856,5.2,,
1173,2025,3,83084,1.2857142857142858,-3.1285714285714286,73.2,,
1180,2025,4,83084,2.0142857142857142,-1.9714285714285713,10.0,,
1187,2025,5,83084,0.4428571428571428,-3.5142857142857147,29.6,,
1194,2025,6,83084,-0.5714285714285714,-4.271428571428571,22.0,,
1201,2025,7,83084,1.1428571428571428,-2.8000000000000003,74.19999999999999,,
1207,2025,8,83084,0.0,-1.2,33.8,,
5,2014,1,83085,3.4571428571428577,-1.1428571428571428,42.0,13.5,13.5
12,2014,2,83085,3.0,-1.2571428571428573,13.0,20.228571428571428,16.864285714285714
19,2014,3,83085,-0.9000000000000001,-3.2857142857142856,20.8,35.24285714285714,22.990476190476187
26,2014,4,83085,-0.9857142857142858,-3.4714285714285715,0.6,51.271428571428565,35.580952380952375
33,2014,5,83085,-1.8428571428571427,-4.0,3.2,77.15714285714286,54.55714285714286
40,2014,6,83085,-1.9571428571428573,-4.442857142857142,0.6,89.67142857142858,72.7
47,2014,7,83085,0.12857142857142853,-3.242857142857143,47.4,100.8,89.20952380952382
54,2014,8,83085,-0.9428571428571428,-3.9571428571428577,87.2,106.35714285714286,98.94285714285714
61,2014,9,83085,0.7000000000000001,-3.757142857142857,3.0,118.42857142857143,108.52857142857142
68,2014,10,83085,1.6571428571428573,-5.485714285714286,4.8,128.24285714285713,117.67619047619047
75,2014,11,83085,2.6999999999999997,-1.2714285714285716,22.0,133.27142857142857,126.64761904761905
82,2014,12,83085,5.485714285714286,-0.4571428571428572,9.399999999999999,135.26714285714286,132.26047619047617
89,2014,13,83085,1.457142857142857,-3.4714285714285715,6.2,128.63857142857142,132.39238095238093
96,2014,14,83085,4.185714285714286,-0.9571428571428573,90.4,114.65714285714286,126.18761904761902
103,2014,15,83085,5.9,0.5,0.0,93.85,112.38190476190475
110,2015,1,83085,5.0,-1.775,20.0,13.5,13.5
117,2015,2,83085,,,14.4,20.228571428571428,16.864285714285714
124,2015,3,83085,,,16.2,35.24285714285714,22.990476190476187
131,2015,4,83085,,,5.4,51.271428571428565,35.580952380952375
138,2015,5,83085,-0.6,-4.175,0.0,77.15714285714286,54.55714285714286
145,2015,6,83085,-2.7285714285714286,-5.871428571428572,0.0,89.67142857142858,72.7
152,2015,7,83085,-0.7285714285714285,-3.257142857142857,46.0,100.8,89.20952380952382
159,2015,8,83085,-1.3,-4.1571428571428575,0.0,106.35714285714286,98.94285714285714
166,2015,9,83085,-2.1,-5.742857142857143,0.8,118.42857142857143,108.52857142857142
173,2015,10,83085,-1.0857142857142859,-2.9857142857142853,24.599999999999998,128.24285714285713,117.67619047619047
180,2015,11,83085,1.385714285714286,-3.857142857142857,22.4,133.27142857142857,126.64761904761905
187,2015,12,83085,1.6285714285714283,-3.685714285714286,19.4,135.26714285714286,132.26047619047617
194,2015,13,83085,4.449999999999999,-2.1999999999999997,4.6000000000000005,128.63857142857142,132.39238095238093
201,2015,14,83085,,,9.8,114.65714285714286,126.18761904761902
208,2015,15,83085,,,9.0,93.85,112.38190476190475
215,2016,1,83085,4.214285714285714,-1.2714285714285711,78.2,13.5,13.5
222,2016,2,83085,2.1714285714285713,-0.42857142857142855,48.8,20.228571428571428,16.864285714285714
229,2016,3,83085,-2.1285714285714286,-5.685714285714285,1.0,35.24285714285714,22.990476190476187
236,2016,4,83085,-0.6714285714285715,-3.028571428571429,0.2,51.271428571428565,35.580952380952375
243,2016,5,83085,-0.27142857142857135,-2.157142857142857,4.4,77.15714285714286,54.55714285714286
250,2016,6,83085,2.3000000000000003,-2.6,30.0,89.67142857142858,72.7
257,2016,7,83085,-0.21428571428571416,-3.5142857142857147,114.4,100.8,89.20952380952382
264,2016,8,83085,-0.7,-2.08,3.4,106.35714285714286,98.94285714285714
271,2016,9,83085,,,22.4,118.42857142857143,108.52857142857142
278,2016,10,83085,2.8,,3.4,128.24285714285713,117.67619047619047
285,2016,11,83085,-0.09999999999999998,-2.9285714285714284,23.4,133.27142857142857,126.64761904761905
292,2016,12,83085,0.7000000000000001,-4.0285714285714285,72.80000000000001,135.26714285714286,132.26047619047617
299,2016,13,83085,5.64,-0.4857142857142857,25.8,128.63857142857142,132.39238095238093
306,2016,14,83085,4.0285714285714285,0.8142857142857142,58.4,114.65714285714286,126.18761904761902
313,2016,15,83085,-0.1,-3.3,0.0,93.85,112.38190476190475
320,2017,1,83085,6.385714285714285,-0.8166666666666668,1.8,13.5,13.5
327,2017,2,83085,5.614285714285714,0.3428571428571428,0.0,20.228571428571428,16.864285714285714
334,2017,3,83085,-1.0999999999999999,-3.9285714285714284,17.200000000000003,35.24285714285714,22.990476190476187
341,2017,4,83085,0.8857142857142856,-3.557142857142857,20.4,51.271428571428565,35.580952380952375
348,2017,5,83085,-1.5999999999999999,-4.942857142857143,0.0,77.15714285714286,54.55714285714286
355,2017,6,83085,-1.6142857142857143,-4.728571428571429,0.0,89.67142857142858,72.7
362,2017,7,83085,-1.1714285714285715,-4.8999999999999995,0.0,100.8,89.20952380952382
369,2017,8,83085,0.5857142857142857,-3.942857142857143,0.0,106.35714285714286,98.94285714285714
376,2017,9,83085,-1.6500000000000001,-3.8285714285714287,0.0,118.42857142857143,108.52857142857142
383,2017,10,83085,0.31999999999999995,-1.6285714285714286,0.0,128.24285714285713,117.67619047619047
390,2017,11,83085,-2.1142857142857143,-5.8428571428571425,0.0,133.27142857142857,126.64761904761905
397,2017,12,83085,-1.1,-6.814285714285715,0.0,135.26714285714286,132.26047619047617
404,2017,13,83085,0.7285714285714286,-4.385714285714285,0.0,128.63857142857142,132.39238095238093
411,2017,14,83085,1.4857142857142858,-3.442857142857143,0.0,114.65714285714286,126.18761904761902
418,2017,15,83085,0.2,-6.1,0.0,93.85,112.38190476190475
425,2018,1,83085,1.0285714285714287,-1.9714285714285715,62.800000000000004,13.5,13.5
432,2018,2,83085,-1.4571428571428573,-4.885714285714286,1.0,20.228571428571428,16.864285714285714
439,2018,3,83085,-0.5142857142857142,-4.542857142857143,14.0,35.24285714285714,22.990476190476187
446,2018,4,83085,1.0,-3.0714285714285716,28.4,51.271428571428565,35.580952380952375
453,2018,5,83085,0.14285714285714285,-4.6000000000000005,6.8,77.15714285714286,54.55714285714286
460,2018,6,83085,-0.7285714285714284,-5.3999999999999995,1.0,89.67142857142858,72.7
467,2018,7,83085,-1.2571428571428573,-4.857142857142857,3.0,100.8,89.20952380952382
474,2018,8,83085,0.5857142857142856,-3.7142857142857144,42.599999999999994,106.35714285714286,98.94285714285714
481,2018,9,83085,-1.0285714285714287,-4.614285714285714,10.2,118.42857142857143,108.52857142857142
488,2018,10,83085,-1.042857142857143,-4.185714285714286,23.0,128.24285714285713,117.67619047619047
495,2018,11,83085,-2.0142857142857142,-4.8,0.4,133.27142857142857,126.64761904761905
502,2018,12,83085,-1.9857142857142858,-6.5,24.200000000000003,135.26714285714286,132.26047619047617
509,2018,13,83085,0.7142857142857143,-4.114285714285715,50.2,128.63857142857142,132.39238095238093
516,2018,14,83085,5.542857142857143,-0.9714285714285714,2.0,114.65714285714286,126.18761904761902
523,2018,15,83085,3.1,1.3,0.0,93.85,112.38190476190475
530,2019,1,83085,,,0.6000000000000001,13.5,13.5
537,2019,2,83085,-3.1,-5.7,0.6000000000000001,20.228571428571428,16.864285714285714
544,2019,3,83085,4.171428571428572,-1.8285714285714287,0.4,35.24285714285714,22.990476190476187
551,2019,4,83085,1.0142857142857145,-2.8428571428571425,0.6000000000000001,51.271428571428565,35.580952380952375
558,2019,5,83085,-0.15714285714285722,-2.7285714285714286,0.6000000000000001,77.15714285714286,54.55714285714286
565,2019,6,83085,-0.5142857142857143,-4.557142857142857,0.8,89.67142857142858,72.7
572,2019,7,83085,0.8285714285714285,-3.4857142857142853,1.2000000000000002,100.8,89.20952380952382
579,2019,8,83085,3.3666666666666667,-2.357142857142857,0.6000000000000001,106.35714285714286,98.94285714285714
586,2019,9,83085,-0.6000000000000002,-4.428571428571429,0.0,118.42857142857143,108.52857142857142
593,2019,10,83085,-1.1857142857142855,-4.7,0.0,128.24285714285713,117.67619047619047
600,2019,11,83085,1.0571428571428572,-4.485714285714286,0.0,133.27142857142857,126.64761904761905
607,2019,12,83085,2.185714285714286,-5.285714285714286,0.0,135.26714285714286,132.26047619047617
614,2019,13,83085,3.542857142857143,-1.1428571428571428,0.0,128.63857142857142,132.39238095238093
621,2019,14,83085,3.0714285714285716,-3.4714285714285715,0.0,114.65714285714286,126.18761904761902
628,2019,15,83085,5.8,1.4,0.0,93.85,112.38190476190475
635,2020,1,83085,,,49.4,13.5,13.5
642,2020,2,83085,,,82.6,20.228571428571428,16.864285714285714
649,2020,3,83085,,,10.0,35.24285714285714,22.990476190476187
656,2020,4,83085,,,35.2,51.271428571428565,35.580952380952375
663,2020,5,83085,0.30000000000000004,-1.075,16.2,77.15714285714286,54.55714285714286
670,2020,6,83085,0.8714285714285713,-3.3142857142857145,5.199999999999999,89.67142857142858,72.7
677,2020,7,83085,3.7285714285714286,-1.842857142857143,2.4000000000000004,100.8,89.20952380952382
684,2020,8,83085,4.057142857142857,-1.5714285714285714,1.8,106.35714285714286,98.94285714285714
691,2020,9,83085,-0.6142857142857144,-5.142857142857143,10.200000000000001,118.42857142857143,108.52857142857142
698,2020,10,83085,2.142857142857143,-1.0999999999999999,37.8,128.24285714285713,117.67619047619047
705,2020,11,83085,-1.7142857142857142,-4.471428571428571,41.0,133.27142857142857,126.64761904761905
712,2020,12,83085,0.9285714285714286,-4.242857142857143,3.0,135.26714285714286,132.26047619047617
719,2020,13,83085,3.914285714285714,-1.7857142857142858,1.2000000000000002,128.63857142857142,132.39238095238093
726,2020,14,83085,7.314285714285715,0.7285714285714286,15.799999999999999,114.65714285714286,126.18761904761902
733,2020,15,83085,10.3,2.8,0.0,93.85,112.38190476190475
740,2021,1,83085,1.1428571428571428,-2.314285714285714,46.0,13.5,13.5
747,2021,2,83085,0.5285714285714286,-2.6999999999999997,18.2,20.228571428571428,16.864285714285714
754,2021,3,83085,1.0571428571428572,-2.2142857142857144,118.6,35.24285714285714,22.990476190476187
761,2021,4,83085,-0.2999999999999999,-3.3857142857142857,27.4,51.271428571428565,35.580952380952375
768,2021,5,83085,0.48571428571428577,-3.4857142857142853,1.7999999999999998,77.15714285714286,54.55714285714286
775,2021,6,83085,-0.5428571428571429,-3.5714285714285716,78.8,89.67142857142858,72.7
782,2021,7,83085,-1.4428571428571428,-4.557142857142858,68.8,100.8,89.20952380952382
789,2021,8,83085,-0.2285714285714286,-3.6,51.4,106.35714285714286,98.94285714285714
796,2021,9,83085,0.5857142857142857,-3.1142857142857143,14.4,118.42857142857143,108.52857142857142
803,2021,10,83085,0.4714285714285714,-2.5714285714285716,12.0,128.24285714285713,117.67619047619047
810,2021,11,83085,1.442857142857143,-1.7714285714285711,44.8,133.27142857142857,126.64761904761905
817,2021,12,83085,0.25714285714285706,-3.5142857142857147,11.0,135.26714285714286,132.26047619047617
824,2021,13,83085,4.6000000000000005,-0.057142857142857065,83.6,128.63857142857142,132.39238095238093
831,2021,14,83085,3.357142857142857,-1.4714285714285715,3.0,114.65714285714286,126.18761904761902
838,2021,15,83085,3.7,-2.9,0.2,93.85,112.38190476190475
845,2022,1,83085,-1.0571428571428572,-4.371428571428572,0.8,13.5,13.5
852,2022,2,83085,0.9,-1.7857142857142858,55.4,20.228571428571428,16.864285714285714
859,2022,3,83085,1.7285714285714284,-3.085714285714286,54.0,35.24285714285714,22.990476190476187
866,2022,4,83085,2.1,-4.228571428571429,2.8,51.271428571428565,35.580952380952375
873,2022,5,83085,-1.1,-3.9714285714285715,5.0,77.15714285714286,54.55714285714286
880,2022,6,83085,-1.457142857142857,-6.1000000000000005,0.6,89.67142857142858,72.7
887,2022,7,83085,1.7571428571428573,-2.257142857142857,34.8,100.8,89.20952380952382
894,2022,8,83085,0.27142857142857135,-4.3,41.4,106.35714285714286,98.94285714285714
901,2022,9,83085,,,18.200000000000003,118.42857142857143,108.52857142857142
908,2022,10,83085,1.3,-2.5,11.6,128.24285714285713,117.67619047619047
915,2022,11,83085,-0.29999999999999993,-4.185714285714286,64.4,133.27142857142857,126.64761904761905
922,2022,12,83085,4.1,-1.1199999999999999,11.799999999999999,135.26714285714286,132.26047619047617
929,2022,13,83085,,,0.0,128.63857142857142,132.39238095238093
936,2022,14,83085,,,12.2,114.65714285714286,126.18761904761902
943,2022,15,83085,,,1.4,93.85,112.38190476190475
950,2023,1,83085,0.4250000000000001,-2.16,43.4,13.5,13.5
957,2023,2,83085,,,5.2,20.228571428571428,16.864285714285714
964,2023,3,83085,,,0.2,35.24285714285714,22.990476190476187
971,2023,4,83085,2.4428571428571426,-1.3,59.99999999999999,51.271428571428565,35.580952380952375
978,2023,5,83085,0.32857142857142857,-2.2285714285714286,45.0,77.15714285714286,54.55714285714286
985,2023,6,83085,1.4142857142857144,-2.457142857142857,3.8,89.67142857142858,72.7
992,2023,7,83085,2.2142857142857144,-2.2,2.2,100.8,89.20952380952382
999,2023,8,83085,2.8714285714285714,-0.5142857142857142,33.4,106.35714285714286,98.94285714285714
1006,2023,9,83085,3.6285714285714286,-1.0999999999999999,33.2,118.42857142857143,108.52857142857142
1013,2023,10,83085,0.7999999999999999,-3.542857142857143,13.799999999999999,128.24285714285713,117.67619047619047
1020,2023,11,83085,3.914285714285714,-1.5571428571428572,32.0,133.27142857142857,126.64761904761905
1027,2023,12,83085,5.142857142857143,0.07142857142857142,22.6,135.26714285714286,132.26047619047617
1034,2023,13,83085,8.35,-0.7250000000000001,1.6,128.63857142857142,132.39238095238093
1041,2023,14,83085,,,28.799999999999997,114.65714285714286,126.18761904761902
1048,2023,15,83085,,,0.0,93.85,112.38190476190475
1055,2024,1,83085,2.1142857142857143,-3.1714285714285713,56.2,13.5,13.5
1062,2024,2,83085,0.45714285714285724,-4.985714285714286,0.0,20.228571428571428,16.864285714285714
1069,2024,3,83085,0.5857142857142857,-2.942857142857143,17.8,35.24285714285714,22.990476190476187
1076,2024,4,83085,0.3571428571428572,-4.985714285714286,17.8,51.271428571428565,35.580952380952375
1083,2024,5,83085,1.7571428571428573,-1.6428571428571428,27.2,77.15714285714286,54.55714285714286
1090,2024,6,83085,-1.2428571428571427,-5.142857142857143,25.0,89.67142857142858,72.7
1097,2024,7,83085,-0.11428571428571428,-2.7714285714285714,52.6,100.8,89.20952380952382
1104,2024,8,83085,-0.27142857142857146,-5.571428571428571,7.2,106.35714285714286,98.94285714285714
1111,2024,9,83085,1.3714285714285714,-3.3857142857142857,6.8,118.42857142857143,108.52857142857142
1118,2024,10,83085,4.857142857142857,1.3714285714285714,32.800000000000004,128.24285714285713,117.67619047619047
1125,2024,11,83085,3.4714285714285715,-0.05714285714285715,51.0,133.27142857142857,126.64761904761905
1132,2024,12,83085,2.8714285714285714,-0.6142857142857142,102.99999999999999,135.26714285714286,132.26047619047617
1139,2024,13,83085,4.714285714285714,-1.3571428571428572,36.2,128.63857142857142,132.39238095238093
1146,2024,14,83085,4.628571428571428,-1.0,29.599999999999998,114.65714285714286,126.18761904761902
1153,2024,15,83085,0.7,-7.5,3.0,93.85,112.38190476190475
1160,2025,1,83085,-0.7428571428571429,-3.557142857142857,1.4,13.5,13.5
1167,2025,2,83085,2.3857142857142857,-2.142857142857143,4.6,20.228571428571428,16.864285714285714
1174,2025,3,83085,0.4857142857142857,-3.2857142857142856,96.80000000000001,35.24285714285714,22.990476190476187
1181,2025,4,83085,1.157142857142857,-2.3857142857142857,1.2,51.271428571428565,35.580952380952375
1188,2025,5,83085,0.12857142857142853,-3.585714285714286,15.4,77.15714285714286,54.55714285714286
1195,2025,6,83085,-1.4857142857142858,-4.6571428571428575,19.200000000000003,89.67142857142858,72.7
1202,2025,7,83085,0.10000000000000002,-3.3714285714285714,87.4,100.8,89.20952380952382
1208,2025,8,83085,-0.1,-1.7,32.8,106.35714285714286,98.94285714285714
6,2014,1,85291,4.957142857142857,1.1,24.4,12.857142857142858,12.857142857142858
13,2014,2,85291,5.485714285714286,0.8142857142857143,21.0,12.214285714285714,12.535714285714285
20,2014,3,85291,1.042857142857143,-1.8142857142857143,76.4,19.585714285714285,14.885714285714286
27,2014,4,85291,2.5285714285714285,-0.9571428571428572,82.0,23.385714285714283,18.395238095238096
34,2014,5,85291,0.6857142857142857,-2.257142857142857,82.6,25.114285714285717,22.695238095238096
41,2014,6,85291,1.0142857142857142,-2.4285714285714284,57.599999999999994,36.17142857142857,28.223809523809525
48,2014,7,85291,3.7857142857142856,0.014285714285714322,8.4,42.84285714285715,34.70952380952381
55,2014,8,85291,1.6999999999999997,-2.1714285714285713,56.0,42.55714285714286,40.523809523809526
62,2014,9,85291,2.1142857142857143,-2.0142857142857142,11.600000000000001,46.74285714285714,44.047619047619044
69,2014,10,85291,3.542857142857143,-2.1142857142857143,23.2,45.32857142857143,44.87619047619048
76,2014,11,85291,5.285714285714286,-0.05714285714285713,22.0,45.199999999999996,45.75714285714286
83,2014,12,85291,8.257142857142856,1.8285714285714287,6.8,44.57142857142857,45.03333333333333
90,2014,13,85291,5.814285714285715,-0.3142857142857142,40.6,36.18571428571429,41.98571428571429
97,2014,14,85291,5.671428571428572,1.0142857142857145,34.4,29.099999999999998,36.61904761904762
104,2014,15,85291,10.1,2.3,0.0,16.8625,27.382738095238096
111,2015,1,85291,6.271428571428571,-3.172065784643304e-17,20.400000000000002,12.857142857142858,12.857142857142858
118,2015,2,85291,2.8857142857142857,-0.9571428571428572,25.400000000000002,12.214285714285714,12.535714285714285
125,2015,3,85291,6.242857142857143,-0.07142857142857142,0.7999999999999999,19.585714285714285,14.885714285714286
132,2015,4,85291,1.0285714285714287,-2.0142857142857142,21.2,23.385714285714283,18.395238095238096
139,2015,5,85291,1.5857142857142856,-1.5142857142857142,98.2,25.114285714285717,22.695238095238096
146,2015,6,85291,0.2857142857142857,-3.6714285714285713,84.0,36.17142857142857,28.223809523809525
153,2015,7,85291,0.9714285714285715,-1.7142857142857142,24.0,42.84285714285715,34.70952380952381
160,2015,8,85291,-0.0285714285714286,-3.442857142857143,54.0,42.55714285714286,40.523809523809526
167,2015,9,85291,0.8714285714285716,-3.185714285714286,81.0,46.74285714285714,44.047619047619044
174,2015,10,85291,1.3142857142857143,-1.8714285714285717,20.0,45.32857142857143,44.87619047619048
181,2015,11,85291,4.157142857142857,-0.6428571428571427,26.6,45.199999999999996,45.75714285714286
188,2015,12,85291,1.3714285714285714,-2.6999999999999997,90.0,44.57142857142857,45.03333333333333
195,2015,13,85291,3.7,-1.5571428571428572,8.2,36.18571428571429,41.98571428571429
202,2015,14,85291,8.785714285714286,1.4714285714285713,25.6,29.099999999999998,36.61904761904762
209,2015,15,85291,1.5,0.1,15.8,16.8625,27.382738095238096
216,2016,1,85291,5.271428571428571,-0.32857142857142846,44.4,12.857142857142858,12.857142857142858
223,2016,2,85291,4.4714285714285715,2.0,71.39999999999999,12.214285714285714,12.535714285714285
230,2016,3,85291,-0.27142857142857146,-3.128571428571429,29.4,19.585714285714285,14.885714285714286
237,2016,4,85291,1.557142857142857,-1.2428571428571427,70.4,23.385714285714283,18.395238095238096
244,2016,5,85291,1.8857142857142857,-0.5714285714285714,68.2,25.114285714285717,22.695238095238096
251,2016,6,85291,4.8999999999999995,-0.4857142857142857,10.8,36.17142857142857,28.223809523809525
258,2016,7,85291,1.4285714285714286,-2.414285714285714,64.2,42.84285714285715,34.70952380952381
265,2016,8,85291,1.8285714285714287,-1.2142857142857142,58.8,42.55714285714286,40.523809523809526
272,2016,9,85291,1.9714285714285713,-1.9857142857142858,9.200000000000001,46.74285714285714,44.047619047619044
279,2016,10,85291,4.0,-0.6857142857142858,8.8,45.32857142857143,44.87619047619048
286,2016,11,85291,2.8285714285714287,-1.1285714285714286,35.400000000000006,45.199999999999996,45.75714285714286
293,2016,12,85291,3.1999999999999997,-0.9142857142857144,27.200000000000003,44.57142857142857,45.03333333333333
300,2016,13,85291,7.742857142857143,1.3714285714285714,41.2,36.18571428571429,41.98571428571429
307,2016,14,85291,5.585714285714286,2.1142857142857143,36.8,29.099999999999998,36.61904761904762
314,2016,15,85291,2.4,,0.0,16.8625,27.382738095238096
321,2017,1,85291,6.814285714285715,1.4857142857142858,5.4,12.857142857142858,12.857142857142858
328,2017,2,85291,5.828571428571428,0.24285714285714288,4.2,12.214285714285714,12.535714285714285
335,2017,3,85291,0.14285714285714285,-2.4714285714285715,14.200000000000001,19.585714285714285,14.885714285714286
342,2017,4,85291,1.8,-2.6999999999999997,42.8,23.385714285714283,18.395238095238096
349,2017,5,85291,0.8142857142857143,-2.6571428571428575,7.6000000000000005,25.114285714285717,22.695238095238096
356,2017,6,85291,1.0285714285714287,-2.1714285714285713,45.800000000000004,36.17142857142857,28.223809523809525
363,2017,7,85291,2.185714285714286,-2.257142857142857,33.4,42.84285714285715,34.70952380952381
370,2017,8,85291,3.6999999999999997,-1.6142857142857143,17.8,42.55714285714286,40.523809523809526
377,2017,9,85291,1.8714285714285717,-1.5285714285714285,56.4,46.74285714285714,44.047619047619044
384,2017,10,85291,3.457142857142857,-0.05714285714285715,47.2,45.32857142857143,44.87619047619048
391,2017,11,85291,0.17142857142857146,-3.542857142857143,62.8,45.199999999999996,45.75714285714286
398,2017,12,85291,0.35714285714285715,-4.257142857142857,30.4,44.57142857142857,45.03333333333333
405,2017,13,85291,2.442857142857143,-1.842857142857143,38.6,36.18571428571429,41.98571428571429
412,2017,14,85291,3.1,-1.2428571428571427,104.6,29.099999999999998,36.61904761904762
419,2017,15,85291,2.3,-3.8,11.2,16.8625,27.382738095238096
426,2018,1,85291,2.6142857142857143,-0.18571428571428572,22.8,12.857142857142858,12.857142857142858
433,2018,2,85291,2.1999999999999997,-2.0166666666666666,178.2,12.214285714285714,12.535714285714285
440,2018,3,85291,2.857142857142857,-1.0714285714285714,3.8,19.585714285714285,14.885714285714286
447,2018,4,85291,3.6285714285714286,0.13333333333333328,14.2,23.385714285714283,18.395238095238096
454,2018,5,85291,1.0285714285714287,-2.4714285714285715,66.6,25.114285714285717,22.695238095238096
461,2018,6,85291,2.2666666666666666,-2.6999999999999997,11.4,36.17142857142857,28.223809523809525
468,2018,7,85291,1.2857142857142858,-2.3666666666666667,15.8,42.84285714285715,34.70952380952381
475,2018,8,85291,2.8714285714285714,-1.4142857142857144,24.8,42.55714285714286,40.523809523809526
482,2018,9,85291,1.8142857142857143,-2.6,39.4,46.74285714285714,44.047619047619044
489,2018,10,85291,1.6428571428571428,-2.1,30.0,45.32857142857143,44.87619047619048
496,2018,11,85291,0.38571428571428573,-3.5799999999999996,67.8,45.199999999999996,45.75714285714286
503,2018,12,85291,3.0142857142857147,-2.8714285714285714,13.4,44.57142857142857,45.03333333333333
510,2018,13,85291,3.1,-1.4666666666666668,36.599999999999994,36.18571428571429,41.98571428571429
517,2018,14,85291,7.885714285714286,0.18571428571428564,2.6,29.099999999999998,36.61904761904762
524,2018,15,85291,4.2,4.2,0.0,16.8625,27.382738095238096
531,2019,1,85291,6.466666666666666,1.6666666666666667,15.200000000000001,12.857142857142858,12.857142857142858
538,2019,2,85291,1.1666666666666667,-1.9142857142857144,44.8,12.214285714285714,12.535714285714285
545,2019,3,85291,6.042857142857143,0.5142857142857142,0.2,19.585714285714285,14.885714285714286
552,2019,4,85291,4.083333333333333,-0.8142857142857143,14.4,23.385714285714283,18.395238095238096
559,2019,5,85291,2.033333333333333,-1.0857142857142856,42.0,25.114285714285717,22.695238095238096
566,2019,6,85291,1.9333333333333333,-2.233333333333333,99.19999999999999,36.17142857142857,28.223809523809525
573,2019,7,85291,3.1714285714285713,-0.9833333333333334,12.0,42.84285714285715,34.70952380952381
580,2019,8,85291,3.685714285714286,-1.7285714285714284,11.8,42.55714285714286,40.523809523809526
587,2019,9,85291,0.7285714285714285,-2.6142857142857143,71.2,46.74285714285714,44.047619047619044
594,2019,10,85291,1.7714285714285716,-2.642857142857143,127.8,45.32857142857143,44.87619047619048
601,2019,11,85291,3.7857142857142856,-2.6142857142857143,55.800000000000004,45.199999999999996,45.75714285714286
608,2019,12,85291,3.400000000000001,-2.642857142857143,43.4,44.57142857142857,45.03333333333333
615,2019,13,85291,5.6000000000000005,0.5,44.8,36.18571428571429,41.98571428571429
622,2019,14,85291,5.133333333333334,-1.757142857142857,101.6,29.099999999999998,36.61904761904762
629,2019,15,85291,8.7,-1.1,1.6,16.8625,27.382738095238096
636,2020,1,85291,5.357142857142857,0.13999999999999999,20.400000000000002,12.857142857142858,12.857142857142858
643,2020,2,85291,3.6142857142857143,0.21428571428571433,20.2,12.214285714285714,12.535714285714285
650,2020,3,85291,3.2714285714285714,-1.4285714285714286,55.0,19.585714285714285,14.885714285714286
657,2020,4,85291,2.3000000000000003,-1.4166666666666667,61.4,23.385714285714283,18.395238095238096
664,2020,5,85291,3.4199999999999995,-1.850371707708594e-17,75.8,25.114285714285717,22.695238095238096
671,2020,6,85291,3.685714285714286,-0.8500000000000001,26.6,36.17142857142857,28.223809523809525
678,2020,7,85291,3.5142857142857147,-1.3333333333333333,23.799999999999997,42.84285714285715,34.70952380952381
685,2020,8,85291,5.933333333333334,-0.19999999999999996,67.8,42.55714285714286,40.523809523809526
692,2020,9,85291,-0.32,-3.8000000000000003,42.0,46.74285714285714,44.047619047619044
699,2020,10,85291,4.714285714285714,0.6833333333333332,88.8,45.32857142857143,44.87619047619048
706,2020,11,85291,-0.21666666666666665,-2.8428571428571425,113.2,45.199999999999996,45.75714285714286
713,2020,12,85291,3.2833333333333337,-1.5714285714285714,28.799999999999997,44.57142857142857,45.03333333333333
720,2020,13,85291,8.299999999999999,-0.11666666666666677,6.0,36.18571428571429,41.98571428571429
727,2020,14,85291,9.175,2.1714285714285717,4.0,29.099999999999998,36.61904761904762
734,2020,15,85291,9.7,-0.6,0.0,16.8625,27.382738095238096
741,2021,1,85291,4.64,-0.575,349.6,12.857142857142858,12.857142857142858
748,2021,2,85291,2.6999999999999997,-0.4714285714285715,27.0,12.214285714285714,12.535714285714285
755,2021,3,85291,4.257142857142857,-0.04285714285714283,28.799999999999997,19.585714285714285,14.885714285714286
762,2021,4,85291,1.657142857142857,-1.4285714285714286,21.6,23.385714285714283,18.395238095238096
769,2021,5,85291,3.466666666666667,-1.3,1.4,25.114285714285717,22.695238095238096
776,2021,6,85291,1.0142857142857142,-1.6428571428571428,57.6,36.17142857142857,28.223809523809525
783,2021,7,85291,0.85,-3.185714285714286,45.4,42.84285714285715,34.70952380952381
790,2021,8,85291,1.957142857142857,-1.7857142857142858,33.2,42.55714285714286,40.523809523809526
797,2021,9,85291,2.6285714285714286,-1.0714285714285714,38.8,46.74285714285714,44.047619047619044
804,2021,10,85291,3.371428571428571,-0.7285714285714285,33.0,45.32857142857143,44.87619047619048
811,2021,11,85291,4.628571428571428,0.07142857142857142,59.2,45.199999999999996,45.75714285714286
818,2021,12,85291,2.6857142857142855,-1.6285714285714286,45.2,44.57142857142857,45.03333333333333
825,2021,13,85291,7.028571428571429,2.3285714285714287,116.0,36.18571428571429,41.98571428571429
832,2021,14,85291,6.428571428571429,-1.3285714285714287,13.200000000000001,29.099999999999998,36.61904761904762
839,2021,15,85291,4.1,-2.8,0.0,16.8625,27.382738095238096
846,2022,1,85291,1.1428571428571428,-1.7142857142857142,41.6,12.857142857142858,12.857142857142858
853,2022,2,85291,3.3714285714285714,0.3,40.2,12.214285714285714,12.535714285714285
860,2022,3,85291,2.6999999999999997,-1.0571428571428572,37.6,19.585714285714285,14.885714285714286
867,2022,4,85291,4.6571428571428575,-1.6285714285714286,0.0,23.385714285714283,18.395238095238096
874,2022,5,85291,0.5714285714285714,-1.342857142857143,47.8,25.114285714285717,22.695238095238096
881,2022,6,85291,0.7571428571428572,-3.5714285714285716,66.2,36.17142857142857,28.223809523809525
888,2022,7,85291,4.957142857142857,-0.19999999999999998,27.6,42.84285714285715,34.70952380952381
895,2022,8,85291,2.142857142857143,-2.557142857142857,52.8,42.55714285714286,40.523809523809526
902,2022,9,85291,2.4142857142857146,-1.0714285714285714,29.6,46.74285714285714,44.047619047619044
909,2022,10,85291,3.4,-0.7428571428571429,73.6,45.32857142857143,44.87619047619048
916,2022,11,85291,1.6285714285714286,-2.6142857142857143,108.2,45.199999999999996,45.75714285714286
923,2022,12,85291,6.642857142857143,0.1857142857142857,71.0,44.57142857142857,45.03333333333333
930,2022,13,85291,4.5285714285714285,-2.2285714285714286,27.6,36.18571428571429,41.98571428571429
937,2022,14,85291,2.557142857142857,-0.7571428571428571,70.6,29.099999999999998,36.61904761904762
944,2022,15,85291,5.4,0.6,2.4,16.8625,27.382738095238096
951,2023,1,85291,2.4714285714285715,-1.1285714285714286,32.4,12.857142857142858,12.857142857142858
958,2023,2,85291,1.157142857142857,-2.2857142857142856,53.6,12.214285714285714,12.535714285714285
965,2023,3,85291,0.6285714285714287,-1.6428571428571428,43.6,19.585714285714285,14.885714285714286
972,2023,4,85291,3.7285714285714286,-0.15714285714285717,26.599999999999998,23.385714285714283,18.395238095238096
979,2023,5,85291,3.1,-0.6285714285714287,22.400000000000002,25.114285714285717,22.695238095238096
986,2023,6,85291,4.557142857142858,-0.7714285714285715,12.0,36.17142857142857,28.223809523809525
993,2023,7,85291,5.014285714285714,-0.12857142857142861,19.6,42.84285714285715,34.70952380952381
1000,2023,8,85291,5.8,1.0571428571428572,10.0,42.55714285714286,40.523809523809526
1007,2023,9,85291,5.257142857142857,0.14285714285714285,11.8,46.74285714285714,44.047619047619044
1014,2023,10,85291,1.9142857142857144,-1.9285714285714286,19.8,45.32857142857143,44.87619047619048
1021,2023,11,85291,5.442857142857143,-0.5714285714285714,48.0,45.199999999999996,45.75714285714286
1028,2023,12,85291,7.042857142857143,2.085714285714286,43.400000000000006,44.57142857142857,45.03333333333333
1035,2023,13,85291,8.657142857142857,-0.21428571428571436,39.2,36.18571428571429,41.98571428571429
1042,2023,14,85291,6.542857142857143,0.38571428571428573,32.4,29.099999999999998,36.61904761904762
1049,2023,15,85291,15.4,8.8,0.0,16.8625,27.382738095238096
1056,2024,1,85291,1.8142857142857143,-1.5,73.60000000000001,12.857142857142858,12.857142857142858
1063,2024,2,85291,1.7714285714285711,-2.757142857142857,17.200000000000003,12.214285714285714,12.535714285714285
1070,2024,3,85291,3.057142857142857,-1.0,10.0,19.585714285714285,14.885714285714286
1077,2024,4,85291,3.1571428571428575,-2.0,45.0,23.385714285714283,18.395238095238096
1084,2024,5,85291,4.057142857142857,0.7571428571428571,102.80000000000001,25.114285714285717,22.695238095238096
1091,2024,6,85291,0.4428571428571428,-2.685714285714286,216.39999999999998,36.17142857142857,28.223809523809525
1098,2024,7,85291,3.314285714285714,-0.5142857142857143,38.800000000000004,42.84285714285715,34.70952380952381
1105,2024,8,85291,4.257142857142857,-2.0571428571428574,54.6,42.55714285714286,40.523809523809526
1112,2024,9,85291,3.9428571428571426,-0.5571428571428572,1.0,46.74285714285714,44.047619047619044
1119,2024,10,85291,8.885714285714286,3.185714285714286,4.4,45.32857142857143,44.87619047619048
1126,2024,11,85291,6.1571428571428575,1.6500000000000001,26.2,45.199999999999996,45.75714285714286
1133,2024,12,85291,5.428571428571429,0.9285714285714286,23.6,44.57142857142857,45.03333333333333
1140,2024,13,85291,7.142857142857143,-0.09999999999999994,50.6,36.18571428571429,41.98571428571429
1147,2024,14,85291,5.628571428571428,-0.11666666666666659,45.8,29.099999999999998,36.61904761904762
1154,2024,15,85291,-0.5,-4.8,28.4,16.8625,27.382738095238096
1161,2025,1,85291,2.0714285714285716,-1.0714285714285714,68.0,12.857142857142858,12.857142857142858
1168,2025,2,85291,5.371428571428572,0.0571428571428572,10.4,12.214285714285714,12.535714285714285
1175,2025,3,85291,1.6142857142857143,-1.0571428571428572,93.4,19.585714285714285,14.885714285714286
1182,2025,4,85291,4.328571428571428,-0.4857142857142857,131.6,23.385714285714283,18.395238095238096
1189,2025,5,85291,2.0142857142857142,-1.457142857142857,63.2,25.114285714285717,22.695238095238096
1196,2025,6,85291,1.5428571428571427,-2.2142857142857144,19.8,36.17142857142857,28.223809523809525
1203,2025,7,85291,2.3285714285714287,-1.457142857142857,33.4,42.84285714285715,34.70952380952381
1209,2025,8,85291,0.9,0.0,15.6,42.55714285714286,40.523809523809526
