,Year,Week,Resort,Visitors
0,2014,1,Mt. Baw Baw,555
1,2014,2,Mt. Baw Baw,804
2,2014,3,Mt. Baw Baw,993
3,2014,4,Mt. Baw Baw,2976
4,2014,5,Mt. Baw Baw,11112
5,2014,6,Mt. Baw Baw,13381
6,2014,7,Mt. Baw Baw,8832
7,2014,8,Mt. Baw Baw,9347
8,2014,9,Mt. Baw Baw,10071
9,2014,10,Mt. Baw Baw,11071
10,2014,11,Mt. Baw Baw,10079
11,2014,12,Mt. Baw Baw,7635
12,2014,13,Mt. Baw Baw,4681
13,2014,14,Mt. Baw Baw,1904
14,2014,15,Mt. Baw Baw,0
15,2015,1,Mt. Baw Baw,3185
16,2015,2,Mt. Baw Baw,2058
17,2015,3,Mt. Baw Baw,1745
18,2015,4,Mt. Baw Baw,2751
19,2015,5,Mt. Baw Baw,6748
20,2015,6,Mt. Baw Baw,8269
21,2015,7,Mt. Baw Baw,8219
22,2015,8,Mt. Baw Baw,8600
23,2015,9,Mt. Baw Baw,8932
24,2015,10,Mt. Baw Baw,10429
25,2015,11,Mt. Baw Baw,10927
26,2015,12,Mt. Baw Baw,9027
27,2015,13,Mt. Baw Baw,6236
28,2015,14,Mt. Baw Baw,4387
29,2015,15,Mt. Baw Baw,2247
30,2016,1,Mt. Baw Baw,1154
31,2016,2,Mt. Baw Baw,1298
32,2016,3,Mt. Baw Baw,2306
33,2016,4,Mt. Baw Baw,8796
34,2016,5,Mt. Baw Baw,7976
35,2016,6,Mt. Baw Baw,6614
36,2016,7,Mt. Baw Baw,5267
37,2016,8,Mt. Baw Baw,6394
38,2016,9,Mt. Baw Baw,6676
39,2016,10,Mt. Baw Baw,5593
40,2016,11,Mt. Baw Baw,3979
41,2016,12,Mt. Baw Baw,3909
42,2016,13,Mt. Baw Baw,1373
43,2016,14,Mt. Baw Baw,0
44,2016,15,Mt. Baw Baw,0
45,2017,1,Mt. Baw Baw,3569
46,2017,2,Mt. Baw Baw,798
47,2017,3,Mt. Baw Baw,846
48,2017,4,Mt. Baw Baw,3486
49,2017,5,Mt. Baw Baw,5981
50,2017,6,Mt. Baw Baw,9132
51,2017,7,Mt. Baw Baw,7286
52,2017,8,Mt. Baw Baw,5799
53,2017,9,Mt. Baw Baw,5331
54,2017,10,Mt. Baw Baw,6311
55,2017,11,Mt. Baw Baw,5884
56,2017,12,Mt. Baw Baw,4921
57,2017,13,Mt. Baw Baw,4086
58,2017,14,Mt. Baw Baw,5565
59,2017,15,Mt. Baw Baw,3409
60,2018,1,Mt. Baw Baw,2753
61,2018,2,Mt. Baw Baw,2102
62,2018,3,Mt. Baw Baw,5768
63,2018,4,Mt. Baw Baw,7058
64,2018,5,Mt. Baw Baw,11141
65,2018,6,Mt. Baw Baw,18031
66,2018,7,Mt. Baw Baw,8803
67,2018,8,Mt. Baw Baw,7966
68,2018,9,Mt. Baw Baw,8950
69,2018,10,Mt. Baw Baw,7621
70,2018,11,Mt. Baw Baw,6837
71,2018,12,Mt. Baw Baw,10011
72,2018,13,Mt. Baw Baw,6751
73,2018,14,Mt. Baw Baw,5793
74,2018,15,Mt. Baw Baw,4064
75,2019,1,Mt. Baw Baw,6393
76,2019,2,Mt. Baw Baw,4311
77,2019,3,Mt. Baw Baw,5341
78,2019,4,Mt. Baw Baw,6645
79,2019,5,Mt. Baw Baw,10595
80,2019,6,Mt. Baw Baw,9056
81,2019,7,Mt. Baw Baw,9515
82,2019,8,Mt. Baw Baw,10134
83,2019,9,Mt. Baw Baw,10039
84,2019,10,Mt. Baw Baw,4004
85,2019,11,Mt. Baw Baw,12128
86,2019,12,Mt. Baw Baw,10255
87,2019,13,Mt. Baw Baw,8502
88,2019,14,Mt. Baw Baw,6878
89,2019,15,Mt. Baw Baw,6089
90,2020,1,Mt. Baw Baw,1074
91,2020,2,Mt. Baw Baw,544
92,2020,3,Mt. Baw Baw,603
93,2020,4,Mt. Baw Baw,2168
94,2020,5,Mt. Baw Baw,4055
95,2020,6,Mt. Baw Baw,2945
96,2020,7,Mt. Baw Baw,1149
97,2020,8,Mt. Baw Baw,941
98,2020,9,Mt. Baw Baw,834
99,2020,10,Mt. Baw Baw,0
100,2020,11,Mt. Baw Baw,0
101,2020,12,Mt. Baw Baw,0
102,2020,13,Mt. Baw Baw,0
103,2020,14,Mt. Baw Baw,0
104,2020,15,Mt. Baw Baw,0
105,2021,1,Mt. Baw Baw,334
106,2021,2,Mt. Baw Baw,941
107,2021,3,Mt. Baw Baw,2614
108,2021,4,Mt. Baw Baw,8833
109,2021,5,Mt. Baw Baw,11910
110,2021,6,Mt. Baw Baw,2430
111,2021,7,Mt. Baw Baw,3
112,2021,8,Mt. Baw Baw,3274
113,2021,9,Mt. Baw Baw,1757
114,2021,10,Mt. Baw Baw,2392
115,2021,11,Mt. Baw Baw,1948
116,2021,12,Mt. Baw Baw,0
117,2021,13,Mt. Baw Baw,0
118,2021,14,Mt. Baw Baw,176
119,2021,15,Mt. Baw Baw,475
120,2022,1,Mt. Baw Baw,8513
121,2022,2,Mt. Baw Baw,6516
122,2022,3,Mt. Baw Baw,5609
123,2022,4,Mt. Baw Baw,10614
124,2022,5,Mt. Baw Baw,11092
125,2022,6,Mt. Baw Baw,9082
126,2022,7,Mt. Baw Baw,8570
127,2022,8,Mt. Baw Baw,7825
128,2022,9,Mt. Baw Baw,7810
129,2022,10,Mt. Baw Baw,6587
130,2022,11,Mt. Baw Baw,7939
131,2022,12,Mt. Baw Baw,6782
132,2022,13,Mt. Baw Baw,4750
133,2022,14,Mt. Baw Baw,3009
134,2022,15,Mt. Baw Baw,2262
135,2023,1,Mt. Baw Baw,1218
136,2023,2,Mt. Baw Baw,2458
137,2023,3,Mt. Baw Baw,7129
138,2023,4,Mt. Baw Baw,17116
139,2023,5,Mt. Baw Baw,14690
140,2023,6,Mt. Baw Baw,9419
141,2023,7,Mt. Baw Baw,10343
142,2023,8,Mt. Baw Baw,10041
143,2023,9,Mt. Baw Baw,7015
144,2023,10,Mt. Baw Baw,7481
145,2023,11,Mt. Baw Baw,4999
146,2023,12,Mt. Baw Baw,3680
147,2023,13,Mt. Baw Baw,1265
148,2023,14,Mt. Baw Baw,0
149,2023,15,Mt. Baw Baw,0
150,2024,1,Mt. Baw Baw,1558
151,2024,2,Mt. Baw Baw,1546
152,2024,3,Mt. Baw Baw,1695
153,2024,4,Mt. Baw Baw,4457
154,2024,5,Mt. Baw Baw,11079
155,2024,6,Mt. Baw Baw,9830
156,2024,7,Mt. Baw Baw,9456
157,2024,8,Mt. Baw Baw,8513
158,2024,9,Mt. Baw Baw,9635
159,2024,10,Mt. Baw Baw,8121
160,2024,11,Mt. Baw Baw,5977
161,2024,12,Mt. Baw Baw,3597
162,2024,13,Mt. Baw Baw,1500
163,2024,14,Mt. Baw Baw,0
164,2024,15,Mt. Baw Baw,0
165,2014,1,Mt. Stirling,60
166,2014,2,Mt. Stirling,42
167,2014,3,Mt. Stirling,30
168,2014,4,Mt. Stirling,165
169,2014,5,Mt. Stirling,645
170,2014,6,Mt. Stirling,1316
171,2014,7,Mt. Stirling,684
172,2014,8,Mt. Stirling,1250
173,2014,9,Mt. Stirling,1280
174,2014,10,Mt. Stirling,1653
175,2014,11,Mt. Stirling,902
176,2014,12,Mt. Stirling,847
177,2014,13,Mt. Stirling,522
178,2014,14,Mt. Stirling,267
179,2014,15,Mt. Stirling,66
180,2015,1,Mt. Stirling,39
181,2015,2,Mt. Stirling,63
182,2015,3,Mt. Stirling,51
183,2015,4,Mt. Stirling,27
184,2015,5,Mt. Stirling,69
185,2015,6,Mt. Stirling,240
186,2015,7,Mt. Stirling,714
187,2015,8,Mt. Stirling,558
188,2015,9,Mt. Stirling,1218
189,2015,10,Mt. Stirling,1371
190,2015,11,Mt. Stirling,1146
191,2015,12,Mt. Stirling,744
192,2015,13,Mt. Stirling,618
193,2015,14,Mt. Stirling,429
194,2015,15,Mt. Stirling,249
195,2016,1,Mt. Stirling,39
196,2016,2,Mt. Stirling,36
197,2016,3,Mt. Stirling,186
198,2016,4,Mt. Stirling,480
199,2016,5,Mt. Stirling,711
200,2016,6,Mt. Stirling,840
201,2016,7,Mt. Stirling,694
202,2016,8,Mt. Stirling,1326
203,2016,9,Mt. Stirling,1122
204,2016,10,Mt. Stirling,1149
205,2016,11,Mt. Stirling,708
206,2016,12,Mt. Stirling,735
207,2016,13,Mt. Stirling,198
208,2016,14,Mt. Stirling,102
209,2016,15,Mt. Stirling,87
210,2017,1,Mt. Stirling,96
211,2017,2,Mt. Stirling,33
212,2017,3,Mt. Stirling,72
213,2017,4,Mt. Stirling,132
214,2017,5,Mt. Stirling,162
215,2017,6,Mt. Stirling,387
216,2017,7,Mt. Stirling,962
217,2017,8,Mt. Stirling,702
218,2017,9,Mt. Stirling,1176
219,2017,10,Mt. Stirling,1317
220,2017,11,Mt. Stirling,1452
221,2017,12,Mt. Stirling,936
222,2017,13,Mt. Stirling,897
223,2017,14,Mt. Stirling,1023
224,2017,15,Mt. Stirling,408
225,2018,1,Mt. Stirling,192
226,2018,2,Mt. Stirling,180
227,2018,3,Mt. Stirling,339
228,2018,4,Mt. Stirling,474
229,2018,5,Mt. Stirling,810
230,2018,6,Mt. Stirling,1086
231,2018,7,Mt. Stirling,1269
232,2018,8,Mt. Stirling,1128
233,2018,9,Mt. Stirling,1719
234,2018,10,Mt. Stirling,1860
235,2018,11,Mt. Stirling,1452
236,2018,12,Mt. Stirling,1374
237,2018,13,Mt. Stirling,913
238,2018,14,Mt. Stirling,498
239,2018,15,Mt. Stirling,258
240,2019,1,Mt. Stirling,237
241,2019,2,Mt. Stirling,81
242,2019,3,Mt. Stirling,126
243,2019,4,Mt. Stirling,63
244,2019,5,Mt. Stirling,123
245,2019,6,Mt. Stirling,318
246,2019,7,Mt. Stirling,675
247,2019,8,Mt. Stirling,858
248,2019,9,Mt. Stirling,924
249,2019,10,Mt. Stirling,909
250,2019,11,Mt. Stirling,1455
251,2019,12,Mt. Stirling,1542
252,2019,13,Mt. Stirling,1083
253,2019,14,Mt. Stirling,522
254,2019,15,Mt. Stirling,363
255,2020,1,Mt. Stirling,126
256,2020,2,Mt. Stirling,27
257,2020,3,Mt. Stirling,24
258,2020,4,Mt. Stirling,93
259,2020,5,Mt. Stirling,171
260,2020,6,Mt. Stirling,438
261,2020,7,Mt. Stirling,108
262,2020,8,Mt. Stirling,127
263,2020,9,Mt. Stirling,98
264,2020,10,Mt. Stirling,9
265,2020,11,Mt. Stirling,0
266,2020,12,Mt. Stirling,0
267,2020,13,Mt. Stirling,0
268,2020,14,Mt. Stirling,0
269,2020,15,Mt. Stirling,0
270,2021,1,Mt. Stirling,216
271,2021,2,Mt. Stirling,69
272,2021,3,Mt. Stirling,99
273,2021,4,Mt. Stirling,315
274,2021,5,Mt. Stirling,697
275,2021,6,Mt. Stirling,103
276,2021,7,Mt. Stirling,0
277,2021,8,Mt. Stirling,468
278,2021,9,Mt. Stirling,774
279,2021,10,Mt. Stirling,834
280,2021,11,Mt. Stirling,0
281,2021,12,Mt. Stirling,0
282,2021,13,Mt. Stirling,15
283,2021,14,Mt. Stirling,33
284,2021,15,Mt. Stirling,618
285,2022,1,Mt. Stirling,1038
286,2022,2,Mt. Stirling,711
287,2022,3,Mt. Stirling,426
288,2022,4,Mt. Stirling,984
289,2022,5,Mt. Stirling,1071
290,2022,6,Mt. Stirling,660
291,2022,7,Mt. Stirling,1158
292,2022,8,Mt. Stirling,1032
293,2022,9,Mt. Stirling,819
294,2022,10,Mt. Stirling,1314
295,2022,11,Mt. Stirling,1577
296,2022,12,Mt. Stirling,975
297,2022,13,Mt. Stirling,609
298,2022,14,Mt. Stirling,357
299,2022,15,Mt. Stirling,85
300,2023,1,Mt. Stirling,54
301,2023,2,Mt. Stirling,82
302,2023,3,Mt. Stirling,422
303,2023,4,Mt. Stirling,710
304,2023,5,Mt. Stirling,678
305,2023,6,Mt. Stirling,844
306,2023,7,Mt. Stirling,589
307,2023,8,Mt. Stirling,673
308,2023,9,Mt. Stirling,1387
309,2023,10,Mt. Stirling,1495
310,2023,11,Mt. Stirling,2050
311,2023,12,Mt. Stirling,906
312,2023,13,Mt. Stirling,1069
313,2023,14,Mt. Stirling,0
314,2023,15,Mt. Stirling,0
315,2024,1,Mt. Stirling,0
316,2024,2,Mt. Stirling,12
317,2024,3,Mt. Stirling,106
318,2024,4,Mt. Stirling,122
319,2024,5,Mt. Stirling,426
320,2024,6,Mt. Stirling,122
321,2024,7,Mt. Stirling,1403
322,2024,8,Mt. Stirling,1596
323,2024,9,Mt. Stirling,2097
324,2024,10,Mt. Stirling,1632
325,2024,11,Mt. Stirling,1416
326,2024,12,Mt. Stirling,701
327,2024,13,Mt. Stirling,213
328,2024,14,Mt. Stirling,0
329,2024,15,Mt. Stirling,0
330,2014,1,Mt. Hotham,3483
331,2014,2,Mt. Hotham,1253
332,2014,3,Mt. Hotham,2992
333,2014,4,Mt. Hotham,9680
334,2014,5,Mt. Hotham,29628
335,2014,6,Mt. Hotham,36665
336,2014,7,Mt. Hotham,26465
337,2014,8,Mt. Hotham,21679
338,2014,9,Mt. Hotham,31019
339,2014,10,Mt. Hotham,30360
340,2014,11,Mt. Hotham,35923
341,2014,12,Mt. Hotham,32657
342,2014,13,Mt. Hotham,28855
343,2014,14,Mt. Hotham,18708
344,2014,15,Mt. Hotham,11117
345,2015,1,Mt. Hotham,4997
346,2015,2,Mt. Hotham,1797
347,2015,3,Mt. Hotham,3605
348,2015,4,Mt. Hotham,13197
349,2015,5,Mt. Hotham,22318
350,2015,6,Mt. Hotham,27894
351,2015,7,Mt. Hotham,22620
352,2015,8,Mt. Hotham,17562
353,2015,9,Mt. Hotham,27850
354,2015,10,Mt. Hotham,31159
355,2015,11,Mt. Hotham,35122
356,2015,12,Mt. Hotham,30754
357,2015,13,Mt. Hotham,25367
358,2015,14,Mt. Hotham,30754
359,2015,15,Mt. Hotham,12005
360,2016,1,Mt. Hotham,4590
361,2016,2,Mt. Hotham,1860
362,2016,3,Mt. Hotham,8368
363,2016,4,Mt. Hotham,17433
364,2016,5,Mt. Hotham,21302
365,2016,6,Mt. Hotham,25173
366,2016,7,Mt. Hotham,20774
367,2016,8,Mt. Hotham,19557
368,2016,9,Mt. Hotham,27232
369,2016,10,Mt. Hotham,28044
370,2016,11,Mt. Hotham,31774
371,2016,12,Mt. Hotham,28211
372,2016,13,Mt. Hotham,20295
373,2016,14,Mt. Hotham,14224
374,2016,15,Mt. Hotham,10134
375,2017,1,Mt. Hotham,6288
376,2017,2,Mt. Hotham,2644
377,2017,3,Mt. Hotham,5756
378,2017,4,Mt. Hotham,17281
379,2017,5,Mt. Hotham,29573
380,2017,6,Mt. Hotham,33467
381,2017,7,Mt. Hotham,23812
382,2017,8,Mt. Hotham,25596
383,2017,9,Mt. Hotham,29214
384,2017,10,Mt. Hotham,33652
385,2017,11,Mt. Hotham,35159
386,2017,12,Mt. Hotham,32732
387,2017,13,Mt. Hotham,26326
388,2017,14,Mt. Hotham,21960
389,2017,15,Mt. Hotham,14990
390,2018,1,Mt. Hotham,6271
391,2018,2,Mt. Hotham,3489
392,2018,3,Mt. Hotham,6911
393,2018,4,Mt. Hotham,17524
394,2018,5,Mt. Hotham,31435
395,2018,6,Mt. Hotham,37737
396,2018,7,Mt. Hotham,25157
397,2018,8,Mt. Hotham,24150
398,2018,9,Mt. Hotham,30515
399,2018,10,Mt. Hotham,33527
400,2018,11,Mt. Hotham,38115
401,2018,12,Mt. Hotham,35284
402,2018,13,Mt. Hotham,28187
403,2018,14,Mt. Hotham,21947
404,2018,15,Mt. Hotham,15320
405,2019,1,Mt. Hotham,5948
406,2019,2,Mt. Hotham,3019
407,2019,3,Mt. Hotham,5820
408,2019,4,Mt. Hotham,13150
409,2019,5,Mt. Hotham,26572
410,2019,6,Mt. Hotham,36382
411,2019,7,Mt. Hotham,23978
412,2019,8,Mt. Hotham,24998
413,2019,9,Mt. Hotham,31360
414,2019,10,Mt. Hotham,29531
415,2019,11,Mt. Hotham,39955
416,2019,12,Mt. Hotham,37905
417,2019,13,Mt. Hotham,33186
418,2019,14,Mt. Hotham,27192
419,2019,15,Mt. Hotham,20169
420,2020,1,Mt. Hotham,2016
421,2020,2,Mt. Hotham,1346
422,2020,3,Mt. Hotham,1416
423,2020,4,Mt. Hotham,4172
424,2020,5,Mt. Hotham,9325
425,2020,6,Mt. Hotham,15316
426,2020,7,Mt. Hotham,8953
427,2020,8,Mt. Hotham,4401
428,2020,9,Mt. Hotham,3476
429,2020,10,Mt. Hotham,1043
430,2020,11,Mt. Hotham,0
431,2020,12,Mt. Hotham,0
432,2020,13,Mt. Hotham,0
433,2020,14,Mt. Hotham,0
434,2020,15,Mt. Hotham,0
435,2021,1,Mt. Hotham,3992
436,2021,2,Mt. Hotham,9086
437,2021,3,Mt. Hotham,16742
438,2021,4,Mt. Hotham,28047
439,2021,5,Mt. Hotham,35270
440,2021,6,Mt. Hotham,13693
441,2021,7,Mt. Hotham,6750
442,2021,8,Mt. Hotham,18858
443,2021,9,Mt. Hotham,27982
444,2021,10,Mt. Hotham,16215
445,2021,11,Mt. Hotham,15773
446,2021,12,Mt. Hotham,4200
447,2021,13,Mt. Hotham,4200
448,2021,14,Mt. Hotham,5617
449,2021,15,Mt. Hotham,11309
450,2022,1,Mt. Hotham,16726
451,2022,2,Mt. Hotham,17273
452,2022,3,Mt. Hotham,17846
453,2022,4,Mt. Hotham,32710
454,2022,5,Mt. Hotham,39827
455,2022,6,Mt. Hotham,34135
456,2022,7,Mt. Hotham,34204
457,2022,8,Mt. Hotham,32560
458,2022,9,Mt. Hotham,34634
459,2022,10,Mt. Hotham,37253
460,2022,11,Mt. Hotham,34672
461,2022,12,Mt. Hotham,33389
462,2022,13,Mt. Hotham,29398
463,2022,14,Mt. Hotham,21856
464,2022,15,Mt. Hotham,18981
465,2023,1,Mt. Hotham,5318
466,2023,2,Mt. Hotham,8241
467,2023,3,Mt. Hotham,18549
468,2023,4,Mt. Hotham,33179
469,2023,5,Mt. Hotham,34315
470,2023,6,Mt. Hotham,44648
471,2023,7,Mt. Hotham,35497
472,2023,8,Mt. Hotham,34086
473,2023,9,Mt. Hotham,34067
474,2023,10,Mt. Hotham,35521
475,2023,11,Mt. Hotham,37115
476,2023,12,Mt. Hotham,30944
477,2023,13,Mt. Hotham,22969
478,2023,14,Mt. Hotham,15149
479,2023,15,Mt. Hotham,9148
480,2024,1,Mt. Hotham,2079
481,2024,2,Mt. Hotham,4269
482,2024,3,Mt. Hotham,6033
483,2024,4,Mt. Hotham,11558
484,2024,5,Mt. Hotham,27353
485,2024,6,Mt. Hotham,31258
486,2024,7,Mt. Hotham,36427
487,2024,8,Mt. Hotham,24401
488,2024,9,Mt. Hotham,25904
489,2024,10,Mt. Hotham,25139
490,2024,11,Mt. Hotham,24260
491,2024,12,Mt. Hotham,19289
492,2024,13,Mt. Hotham,14487
493,2024,14,Mt. Hotham,2700
494,2024,15,Mt. Hotham,0
495,2014,1,Falls Creek,2790
496,2014,2,Falls Creek,1425
497,2014,3,Falls Creek,2101
498,2014,4,Falls Creek,9544
499,2014,5,Falls Creek,26211
500,2014,6,Falls Creek,33392
501,2014,7,Falls Creek,28149
502,2014,8,Falls Creek,24565
503,2014,9,Falls Creek,28981
504,2014,10,Falls Creek,33125
505,2014,11,Falls Creek,36486
506,2014,12,Falls Creek,34468
507,2014,13,Falls Creek,30104
508,2014,14,Falls Creek,23864
509,2014,15,Falls Creek,15869
510,2015,1,Falls Creek,4799
511,2015,2,Falls Creek,3293
512,2015,3,Falls Creek,5965
513,2015,4,Falls Creek,11758
514,2015,5,Falls Creek,20779
515,2015,6,Falls Creek,24064
516,2015,7,Falls Creek,27566
517,2015,8,Falls Creek,25955
518,2015,9,Falls Creek,31872
519,2015,10,Falls Creek,35417
520,2015,11,Falls Creek,37063
521,2015,12,Falls Creek,36903
522,2015,13,Falls Creek,33126
523,2015,14,Falls Creek,28099
524,2015,15,Falls Creek,18548
525,2016,1,Falls Creek,3840
526,2016,2,Falls Creek,2176
527,2016,3,Falls Creek,10297
528,2016,4,Falls Creek,23077
529,2016,5,Falls Creek,33309
530,2016,6,Falls Creek,38818
531,2016,7,Falls Creek,30873
532,2016,8,Falls Creek,36692
533,2016,9,Falls Creek,40090
534,2016,10,Falls Creek,43213
535,2016,11,Falls Creek,43213
536,2016,12,Falls Creek,43275
537,2016,13,Falls Creek,33724
538,2016,14,Falls Creek,24144
539,2016,15,Falls Creek,19696
540,2017,1,Falls Creek,5663
541,2017,2,Falls Creek,3577
542,2017,3,Falls Creek,7935
543,2017,4,Falls Creek,16182
544,2017,5,Falls Creek,30745
545,2017,6,Falls Creek,38180
546,2017,7,Falls Creek,30541
547,2017,8,Falls Creek,29332
548,2017,9,Falls Creek,34784
549,2017,10,Falls Creek,39838
550,2017,11,Falls Creek,41643
551,2017,12,Falls Creek,38487
552,2017,13,Falls Creek,34745
553,2017,14,Falls Creek,28865
554,2017,15,Falls Creek,21846
555,2018,1,Falls Creek,4735
556,2018,2,Falls Creek,3408
557,2018,3,Falls Creek,8450
558,2018,4,Falls Creek,16200
559,2018,5,Falls Creek,32502
560,2018,6,Falls Creek,40750
561,2018,7,Falls Creek,31768
562,2018,8,Falls Creek,29814
563,2018,9,Falls Creek,33734
564,2018,10,Falls Creek,41774
565,2018,11,Falls Creek,40149
566,2018,12,Falls Creek,38075
567,2018,13,Falls Creek,32603
568,2018,14,Falls Creek,28410
569,2018,15,Falls Creek,19085
570,2019,1,Falls Creek,8702
571,2019,2,Falls Creek,4257
572,2019,3,Falls Creek,7581
573,2019,4,Falls Creek,14826
574,2019,5,Falls Creek,31088
575,2019,6,Falls Creek,37988
576,2019,7,Falls Creek,33409
577,2019,8,Falls Creek,31157
578,2019,9,Falls Creek,34471
579,2019,10,Falls Creek,39514
580,2019,11,Falls Creek,40569
581,2019,12,Falls Creek,38230
582,2019,13,Falls Creek,35090
583,2019,14,Falls Creek,30655
584,2019,15,Falls Creek,22832
585,2020,1,Falls Creek,2905
586,2020,2,Falls Creek,1931
587,2020,3,Falls Creek,1672
588,2020,4,Falls Creek,4208
589,2020,5,Falls Creek,7199
590,2020,6,Falls Creek,8741
591,2020,7,Falls Creek,6964
592,2020,8,Falls Creek,3407
593,2020,9,Falls Creek,4837
594,2020,10,Falls Creek,4869
595,2020,11,Falls Creek,0
596,2020,12,Falls Creek,0
597,2020,13,Falls Creek,0
598,2020,14,Falls Creek,0
599,2020,15,Falls Creek,0
600,2021,1,Falls Creek,8585
601,2021,2,Falls Creek,13114
602,2021,3,Falls Creek,24383
603,2021,4,Falls Creek,31297
604,2021,5,Falls Creek,36763
605,2021,6,Falls Creek,14100
606,2021,7,Falls Creek,7500
607,2021,8,Falls Creek,22133
608,2021,9,Falls Creek,9250
609,2021,10,Falls Creek,14152
610,2021,11,Falls Creek,16893
611,2021,12,Falls Creek,10746
612,2021,13,Falls Creek,7505
613,2021,14,Falls Creek,7698
614,2021,15,Falls Creek,5282
615,2022,1,Falls Creek,16216
616,2022,2,Falls Creek,11828
617,2022,3,Falls Creek,21374
618,2022,4,Falls Creek,31895
619,2022,5,Falls Creek,36797
620,2022,6,Falls Creek,40770
621,2022,7,Falls Creek,38308
622,2022,8,Falls Creek,35915
623,2022,9,Falls Creek,39378
624,2022,10,Falls Creek,41541
625,2022,11,Falls Creek,44226
626,2022,12,Falls Creek,44959
627,2022,13,Falls Creek,35811
628,2022,14,Falls Creek,30281
629,2022,15,Falls Creek,26821
630,2023,1,Falls Creek,7332
631,2023,2,Falls Creek,7029
632,2023,3,Falls Creek,16737
633,2023,4,Falls Creek,29896
634,2023,5,Falls Creek,34384
635,2023,6,Falls Creek,39352
636,2023,7,Falls Creek,39492
637,2023,8,Falls Creek,35667
638,2023,9,Falls Creek,39490
639,2023,10,Falls Creek,43353
640,2023,11,Falls Creek,42005
641,2023,12,Falls Creek,36988
642,2023,13,Falls Creek,28811
643,2023,14,Falls Creek,22814
644,2023,15,Falls Creek,16476
645,2024,1,Falls Creek,5511
646,2024,2,Falls Creek,5506
647,2024,3,Falls Creek,6501
648,2024,4,Falls Creek,19666
649,2024,5,Falls Creek,40093
650,2024,6,Falls Creek,46620
651,2024,7,Falls Creek,43349
652,2024,8,Falls Creek,43812
653,2024,9,Falls Creek,49697
654,2024,10,Falls Creek,38756
655,2024,11,Falls Creek,38541
656,2024,12,Falls Creek,42101
657,2024,13,Falls Creek,25252
658,2024,14,Falls Creek,17137
659,2024,15,Falls Creek,12950
660,2014,1,Mt. Buller,8296
661,2014,2,Mt. Buller,1987
662,2014,3,Mt. Buller,2413
663,2014,4,Mt. Buller,18831
664,2014,5,Mt. Buller,49217
665,2014,6,Mt. Buller,59693
666,2014,7,Mt. Buller,45788
667,2014,8,Mt. Buller,41720
668,2014,9,Mt. Buller,48984
669,2014,10,Mt. Buller,47315
670,2014,11,Mt. Buller,43314
671,2014,12,Mt. Buller,41063
672,2014,13,Mt. Buller,41063
673,2014,14,Mt. Buller,26222
674,2014,15,Mt. Buller,11881
675,2015,1,Mt. Buller,15612
676,2015,2,Mt. Buller,6592
677,2015,3,Mt. Buller,6648
678,2015,4,Mt. Buller,18766
679,2015,5,Mt. Buller,38879
680,2015,6,Mt. Buller,45629
681,2015,7,Mt. Buller,38873
682,2015,8,Mt. Buller,36714
683,2015,9,Mt. Buller,38171
684,2015,10,Mt. Buller,41782
685,2015,11,Mt. Buller,44060
686,2015,12,Mt. Buller,38823
687,2015,13,Mt. Buller,38042
688,2015,14,Mt. Buller,23919
689,2015,15,Mt. Buller,21892
690,2016,1,Mt. Buller,8368
691,2016,2,Mt. Buller,5298
692,2016,3,Mt. Buller,17606
693,2016,4,Mt. Buller,37586
694,2016,5,Mt. Buller,56664
695,2016,6,Mt. Buller,44445
696,2016,7,Mt. Buller,37928
697,2016,8,Mt. Buller,39125
698,2016,9,Mt. Buller,46055
699,2016,10,Mt. Buller,44706
700,2016,11,Mt. Buller,38065
701,2016,12,Mt. Buller,34449
702,2016,13,Mt. Buller,21929
703,2016,14,Mt. Buller,13075
704,2016,15,Mt. Buller,7411
705,2017,1,Mt. Buller,18142
706,2017,2,Mt. Buller,9023
707,2017,3,Mt. Buller,13836
708,2017,4,Mt. Buller,26972
709,2017,5,Mt. Buller,50070
710,2017,6,Mt. Buller,57787
711,2017,7,Mt. Buller,40050
712,2017,8,Mt. Buller,37535
713,2017,9,Mt. Buller,39778
714,2017,10,Mt. Buller,48862
715,2017,11,Mt. Buller,45833
716,2017,12,Mt. Buller,44047
717,2017,13,Mt. Buller,32214
718,2017,14,Mt. Buller,32542
719,2017,15,Mt. Buller,24402
720,2018,1,Mt. Buller,13279
721,2018,2,Mt. Buller,11039
722,2018,3,Mt. Buller,19293
723,2018,4,Mt. Buller,27761
724,2018,5,Mt. Buller,54337
725,2018,6,Mt. Buller,66326
726,2018,7,Mt. Buller,46230
727,2018,8,Mt. Buller,39057
728,2018,9,Mt. Buller,45601
729,2018,10,Mt. Buller,43886
730,2018,11,Mt. Buller,46782
731,2018,12,Mt. Buller,46140
732,2018,13,Mt. Buller,34877
733,2018,14,Mt. Buller,31144
734,2018,15,Mt. Buller,20104
735,2019,1,Mt. Buller,22375
736,2019,2,Mt. Buller,10904
737,2019,3,Mt. Buller,13018
738,2019,4,Mt. Buller,29400
739,2019,5,Mt. Buller,46986
740,2019,6,Mt. Buller,49957
741,2019,7,Mt. Buller,42583
742,2019,8,Mt. Buller,41415
743,2019,9,Mt. Buller,40425
744,2019,10,Mt. Buller,41156
745,2019,11,Mt. Buller,48415
746,2019,12,Mt. Buller,44315
747,2019,13,Mt. Buller,34454
748,2019,14,Mt. Buller,30775
749,2019,15,Mt. Buller,22540
750,2020,1,Mt. Buller,2665
751,2020,2,Mt. Buller,2843
752,2020,3,Mt. Buller,3537
753,2020,4,Mt. Buller,9988
754,2020,5,Mt. Buller,3537
755,2020,6,Mt. Buller,15619
756,2020,7,Mt. Buller,6805
757,2020,8,Mt. Buller,7366
758,2020,9,Mt. Buller,7312
759,2020,10,Mt. Buller,3812
760,2020,11,Mt. Buller,0
761,2020,12,Mt. Buller,0
762,2020,13,Mt. Buller,0
763,2020,14,Mt. Buller,0
764,2020,15,Mt. Buller,0
765,2021,1,Mt. Buller,2198
766,2021,2,Mt. Buller,5269
767,2021,3,Mt. Buller,17995
768,2021,4,Mt. Buller,39561
769,2021,5,Mt. Buller,53339
770,2021,6,Mt. Buller,26598
771,2021,7,Mt. Buller,7908
772,2021,8,Mt. Buller,31619
773,2021,9,Mt. Buller,25906
774,2021,10,Mt. Buller,16707
775,2021,11,Mt. Buller,15200
776,2021,12,Mt. Buller,5401
777,2021,13,Mt. Buller,3732
778,2021,14,Mt. Buller,176
779,2021,15,Mt. Buller,5975
780,2022,1,Mt. Buller,27665
781,2022,2,Mt. Buller,33328
782,2022,3,Mt. Buller,36352
783,2022,4,Mt. Buller,58192
784,2022,5,Mt. Buller,65372
785,2022,6,Mt. Buller,49092
786,2022,7,Mt. Buller,49631
787,2022,8,Mt. Buller,50634
788,2022,9,Mt. Buller,40367
789,2022,10,Mt. Buller,44242
790,2022,11,Mt. Buller,43874
791,2022,12,Mt. Buller,44775
792,2022,13,Mt. Buller,30766
793,2022,14,Mt. Buller,21896
794,2022,15,Mt. Buller,19427
795,2023,1,Mt. Buller,10172
796,2023,2,Mt. Buller,12397
797,2023,3,Mt. Buller,23839
798,2023,4,Mt. Buller,49596
799,2023,5,Mt. Buller,58139
800,2023,6,Mt. Buller,51039
801,2023,7,Mt. Buller,46314
802,2023,8,Mt. Buller,46474
803,2023,9,Mt. Buller,40587
804,2023,10,Mt. Buller,37635
805,2023,11,Mt. Buller,36754
806,2023,12,Mt. Buller,33923
807,2023,13,Mt. Buller,18840
808,2023,14,Mt. Buller,9166
809,2023,15,Mt. Buller,6355
810,2024,1,Mt. Buller,5726
811,2024,2,Mt. Buller,8215
812,2024,3,Mt. Buller,11786
813,2024,4,Mt. Buller,24083
814,2024,5,Mt. Buller,50827
815,2024,6,Mt. Buller,53357
816,2024,7,Mt. Buller,45399
817,2024,8,Mt. Buller,49676
818,2024,9,Mt. Buller,49587
819,2024,10,Mt. Buller,50031
820,2024,11,Mt. Buller,43387
821,2024,12,Mt. Buller,36668
822,2024,13,Mt. Buller,15415
823,2024,14,Mt. Buller,0
824,2024,15,Mt. Buller,0
825,2014,1,Selwyn,1041
826,2014,2,Selwyn,383
827,2014,3,Selwyn,597
828,2014,4,Selwyn,2877
829,2014,5,Selwyn,8588
830,2014,6,Selwyn,10682
831,2014,7,Selwyn,8180
832,2014,8,Selwyn,7267
833,2014,9,Selwyn,8708
834,2014,10,Selwyn,9133
835,2014,11,Selwyn,8968
836,2014,12,Selwyn,8404
837,2014,13,Selwyn,6975
838,2014,14,Selwyn,4628
839,2014,15,Selwyn,2566
840,2015,1,Selwyn,2238
841,2015,2,Selwyn,1001
842,2015,3,Selwyn,1331
843,2015,4,Selwyn,3211
844,2015,5,Selwyn,6658
845,2015,6,Selwyn,8112
846,2015,7,Selwyn,7373
847,2015,8,Selwyn,6601
848,2015,9,Selwyn,7983
849,2015,10,Selwyn,9023
850,2015,11,Selwyn,9492
851,2015,12,Selwyn,8436
852,2015,13,Selwyn,7256
853,2015,14,Selwyn,6011
854,2015,15,Selwyn,3722
855,2016,1,Selwyn,1329
856,2016,2,Selwyn,764
857,2016,3,Selwyn,2903
858,2016,4,Selwyn,6868
859,2016,5,Selwyn,9151
860,2016,6,Selwyn,8336
861,2016,7,Selwyn,6817
862,2016,8,Selwyn,7706
863,2016,9,Selwyn,8763
864,2016,10,Selwyn,8848
865,2016,11,Selwyn,8235
866,2016,12,Selwyn,7678
867,2016,13,Selwyn,5307
868,2016,14,Selwyn,3453
869,2016,15,Selwyn,2599
870,2017,1,Selwyn,2569
871,2017,2,Selwyn,1236
872,2017,3,Selwyn,2180
873,2017,4,Selwyn,4933
874,2017,5,Selwyn,8953
875,2017,6,Selwyn,10860
876,2017,7,Selwyn,7768
877,2017,8,Selwyn,7398
878,2017,9,Selwyn,8341
879,2017,10,Selwyn,10099
880,2017,11,Selwyn,10008
881,2017,12,Selwyn,9105
882,2017,13,Selwyn,7230
883,2017,14,Selwyn,6867
884,2017,15,Selwyn,4847
885,2018,1,Selwyn,2060
886,2018,2,Selwyn,1591
887,2018,3,Selwyn,3095
888,2018,4,Selwyn,5357
889,2018,5,Selwyn,10213
890,2018,6,Selwyn,12863
891,2018,7,Selwyn,8428
892,2018,8,Selwyn,7857
893,2018,9,Selwyn,9032
894,2018,10,Selwyn,9444
895,2018,11,Selwyn,9592
896,2018,12,Selwyn,9764
897,2018,13,Selwyn,7557
898,2018,14,Selwyn,6454
899,2018,15,Selwyn,4262
900,2019,1,Selwyn,3472
901,2019,2,Selwyn,1831
902,2019,3,Selwyn,2534
903,2019,4,Selwyn,4763
904,2019,5,Selwyn,9019
905,2019,6,Selwyn,9962
906,2019,7,Selwyn,8267
907,2019,8,Selwyn,8107
908,2019,9,Selwyn,8547
909,2019,10,Selwyn,8538
910,2019,11,Selwyn,10785
911,2019,12,Selwyn,10147
912,2019,13,Selwyn,8432
913,2019,14,Selwyn,7077
914,2019,15,Selwyn,5189
915,2020,1,Selwyn,430
916,2020,2,Selwyn,311
917,2020,3,Selwyn,334
918,2020,4,Selwyn,969
919,2020,5,Selwyn,1185
920,2020,6,Selwyn,1978
921,2020,7,Selwyn,1087
922,2020,8,Selwyn,720
923,2020,9,Selwyn,733
924,2020,10,Selwyn,445
925,2020,11,Selwyn,0
926,2020,12,Selwyn,0
927,2020,13,Selwyn,0
928,2020,14,Selwyn,0
929,2020,15,Selwyn,0
930,2021,1,Selwyn,830
931,2021,2,Selwyn,1541
932,2021,3,Selwyn,3315
933,2021,4,Selwyn,6070
934,2021,5,Selwyn,8018
935,2021,6,Selwyn,3099
936,2021,7,Selwyn,1186
937,2021,8,Selwyn,4115
938,2021,9,Selwyn,3478
939,2021,10,Selwyn,2706
940,2021,11,Selwyn,2680
941,2021,12,Selwyn,1102
942,2021,13,Selwyn,806
943,2021,14,Selwyn,742
944,2021,15,Selwyn,1282
945,2022,1,Selwyn,5144
946,2022,2,Selwyn,5403
947,2022,3,Selwyn,5887
948,2022,4,Selwyn,9683
949,2022,5,Selwyn,10791
950,2022,6,Selwyn,9436
951,2022,7,Selwyn,9266
952,2022,8,Selwyn,9018
953,2022,9,Selwyn,8602
954,2022,10,Selwyn,9356
955,2022,11,Selwyn,9146
956,2022,12,Selwyn,9077
957,2022,13,Selwyn,6969
958,2022,14,Selwyn,5298
959,2022,15,Selwyn,4557
960,2023,1,Selwyn,1591
961,2023,2,Selwyn,1932
962,2023,3,Selwyn,4120
963,2023,4,Selwyn,8400
964,2023,5,Selwyn,9149
965,2023,6,Selwyn,8950
966,2023,7,Selwyn,8106
967,2023,8,Selwyn,7770
968,2023,9,Selwyn,7424
969,2023,10,Selwyn,7666
970,2023,11,Selwyn,7581
971,2023,12,Selwyn,6278
972,2023,13,Selwyn,4244
973,2023,14,Selwyn,2733
974,2023,15,Selwyn,1865
975,2024,1,Selwyn,990
976,2024,2,Selwyn,1264
977,2024,3,Selwyn,1686
978,2024,4,Selwyn,3662
979,2024,5,Selwyn,8563
980,2024,6,Selwyn,8932
981,2024,7,Selwyn,8530
982,2024,8,Selwyn,8160
983,2024,9,Selwyn,8533
984,2024,10,Selwyn,7668
985,2024,11,Selwyn,6859
986,2024,12,Selwyn,5969
987,2024,13,Selwyn,3351
988,2024,14,Selwyn,1177
989,2024,15,Selwyn,745
990,2014,1,Thredbo,5535
991,2014,2,Thredbo,2090
992,2014,3,Thredbo,3216
993,2014,4,Thredbo,15497
994,2014,5,Thredbo,46546
995,2014,6,Thredbo,58668
996,2014,7,Thredbo,44109
997,2014,8,Thredbo,39654
998,2014,9,Thredbo,46875
999,2014,10,Thredbo,48777
1000,2014,11,Thredbo,49003
1001,2014,12,Thredbo,44164
1002,2014,13,Thredbo,38470
1003,2014,14,Thredbo,25734
1004,2014,15,Thredbo,13890
1005,2015,1,Thredbo,12039
1006,2015,2,Thredbo,5540
1007,2015,3,Thredbo,7069
1008,2015,4,Thredbo,17634
1009,2015,5,Thredbo,35918
1010,2015,6,Thredbo,43234
1011,2015,7,Thredbo,40967
1012,2015,8,Thredbo,36200
1013,2015,9,Thredbo,43268
1014,2015,10,Thredbo,48525
1015,2015,11,Thredbo,51900
1016,2015,12,Thredbo,46015
1017,2015,13,Thredbo,39850
1018,2015,14,Thredbo,33284
1019,2015,15,Thredbo,20568
1020,2016,1,Thredbo,7167
1021,2016,2,Thredbo,4083
1022,2016,3,Thredbo,15501
1023,2016,4,Thredbo,36917
1024,2016,5,Thredbo,48170
1025,2016,6,Thredbo,45940
1026,2016,7,Thredbo,37172
1027,2016,8,Thredbo,41911
1028,2016,9,Thredbo,47536
1029,2016,10,Thredbo,47996
1030,2016,11,Thredbo,43729
1031,2016,12,Thredbo,41768
1032,2016,13,Thredbo,28580
1033,2016,14,Thredbo,18938
1034,2016,15,Thredbo,13868
1035,2017,1,Thredbo,14174
1036,2017,2,Thredbo,6636
1037,2017,3,Thredbo,11543
1038,2017,4,Thredbo,26374
1039,2017,5,Thredbo,49289
1040,2017,6,Thredbo,58279
1041,2017,7,Thredbo,42457
1042,2017,8,Thredbo,40744
1043,2017,9,Thredbo,45216
1044,2017,10,Thredbo,55420
1045,2017,11,Thredbo,53536
1046,2017,12,Thredbo,49658
1047,2017,13,Thredbo,39634
1048,2017,14,Thredbo,37173
1049,2017,15,Thredbo,26630
1050,2018,1,Thredbo,11210
1051,2018,2,Thredbo,8547
1052,2018,3,Thredbo,17226
1053,2018,4,Thredbo,28601
1054,2018,5,Thredbo,54351
1055,2018,6,Thredbo,70634
1056,2018,7,Thredbo,46287
1057,2018,8,Thredbo,41879
1058,2018,9,Thredbo,49315
1059,2018,10,Thredbo,52085
1060,2018,11,Thredbo,53194
1061,2018,12,Thredbo,53232
1062,2018,13,Thredbo,41257
1063,2018,14,Thredbo,34676
1064,2018,15,Thredbo,23050
1065,2019,1,Thredbo,18741
1066,2019,2,Thredbo,9845
1067,2019,3,Thredbo,13374
1068,2019,4,Thredbo,25851
1069,2019,5,Thredbo,48275
1070,2019,6,Thredbo,55168
1071,2019,7,Thredbo,45493
1072,2019,8,Thredbo,45050
1073,2019,9,Thredbo,46665
1074,2019,10,Thredbo,45330
1075,2019,11,Thredbo,59101
1076,2019,12,Thredbo,53915
1077,2019,13,Thredbo,45841
1078,2019,14,Thredbo,37957
1079,2019,15,Thredbo,28383
1080,2020,1,Thredbo,2281
1081,2020,2,Thredbo,1666
1082,2020,3,Thredbo,1787
1083,2020,4,Thredbo,5251
1084,2020,5,Thredbo,6327
1085,2020,6,Thredbo,10795
1086,2020,7,Thredbo,5849
1087,2020,8,Thredbo,3997
1088,2020,9,Thredbo,4059
1089,2020,10,Thredbo,2366
1090,2020,11,Thredbo,0
1091,2020,12,Thredbo,0
1092,2020,13,Thredbo,0
1093,2020,14,Thredbo,0
1094,2020,15,Thredbo,0
1095,2021,1,Thredbo,4556
1096,2021,2,Thredbo,8255
1097,2021,3,Thredbo,18301
1098,2021,4,Thredbo,32789
1099,2021,5,Thredbo,42107
1100,2021,6,Thredbo,17062
1101,2021,7,Thredbo,6387
1102,2021,8,Thredbo,22563
1103,2021,9,Thredbo,19180
1104,2021,10,Thredbo,14564
1105,2021,11,Thredbo,14342
1106,2021,12,Thredbo,5792
1107,2021,13,Thredbo,4411
1108,2021,14,Thredbo,3909
1109,2021,15,Thredbo,6774
1110,2022,1,Thredbo,28482
1111,2022,2,Thredbo,28805
1112,2022,3,Thredbo,32323
1113,2022,4,Thredbo,51793
1114,2022,5,Thredbo,58950
1115,2022,6,Thredbo,50846
1116,2022,7,Thredbo,50463
1117,2022,8,Thredbo,48895
1118,2022,9,Thredbo,46293
1119,2022,10,Thredbo,49363
1120,2022,11,Thredbo,49801
1121,2022,12,Thredbo,49543
1122,2022,13,Thredbo,37838
1123,2022,14,Thredbo,28277
1124,2022,15,Thredbo,24771
1125,2023,1,Thredbo,8545
1126,2023,2,Thredbo,10240
1127,2023,3,Thredbo,21673
1128,2023,4,Thredbo,44587
1129,2023,5,Thredbo,49756
1130,2023,6,Thredbo,48555
1131,2023,7,Thredbo,44316
1132,2023,8,Thredbo,42124
1133,2023,9,Thredbo,39758
1134,2023,10,Thredbo,40626
1135,2023,11,Thredbo,40364
1136,2023,12,Thredbo,34371
1137,2023,13,Thredbo,23161
1138,2023,14,Thredbo,14628
1139,2023,15,Thredbo,9901
1140,2024,1,Thredbo,5493
1141,2024,2,Thredbo,6847
1142,2024,3,Thredbo,9071
1143,2024,4,Thredbo,20186
1144,2024,5,Thredbo,45827
1145,2024,6,Thredbo,48866
1146,2024,7,Thredbo,46149
1147,2024,8,Thredbo,43752
1148,2024,9,Thredbo,46790
1149,2024,10,Thredbo,41927
1150,2024,11,Thredbo,37608
1151,2024,12,Thredbo,33208
1152,2024,13,Thredbo,18120
1153,2024,14,Thredbo,6270
1154,2024,15,Thredbo,4103
1155,2014,1,Perisher,7370
1156,2014,2,Perisher,2751
1157,2014,3,Perisher,4255
1158,2014,4,Perisher,20265
1159,2014,5,Perisher,61339
1160,2014,6,Perisher,76855
1161,2014,7,Perisher,57593
1162,2014,8,Perisher,52426
1163,2014,9,Perisher,62654
1164,2014,10,Perisher,64928
1165,2014,11,Perisher,64834
1166,2014,12,Perisher,59121
1167,2014,13,Perisher,50737
1168,2014,14,Perisher,33833
1169,2014,15,Perisher,18381
1170,2015,1,Perisher,15906
1171,2015,2,Perisher,7363
1172,2015,3,Perisher,9360
1173,2015,4,Perisher,23296
1174,2015,5,Perisher,47607
1175,2015,6,Perisher,57282
1176,2015,7,Perisher,54202
1177,2015,8,Perisher,48170
1178,2015,9,Perisher,57548
1179,2015,10,Perisher,64346
1180,2015,11,Perisher,68527
1181,2015,12,Perisher,60788
1182,2015,13,Perisher,52337
1183,2015,14,Perisher,43826
1184,2015,15,Perisher,27009
1185,2016,1,Perisher,9419
1186,2016,2,Perisher,5380
1187,2016,3,Perisher,20567
1188,2016,4,Perisher,49193
1189,2016,5,Perisher,64386
1190,2016,6,Perisher,61295
1191,2016,7,Perisher,48984
1192,2016,8,Perisher,55233
1193,2016,9,Perisher,63067
1194,2016,10,Perisher,62748
1195,2016,11,Perisher,57827
1196,2016,12,Perisher,54481
1197,2016,13,Perisher,37561
1198,2016,14,Perisher,24737
1199,2016,15,Perisher,18080
1200,2017,1,Perisher,18739
1201,2017,2,Perisher,8792
1202,2017,3,Perisher,15236
1203,2017,4,Perisher,34802
1204,2017,5,Perisher,64376
1205,2017,6,Perisher,76620
1206,2017,7,Perisher,56369
1207,2017,8,Perisher,53570
1208,2017,9,Perisher,60063
1209,2017,10,Perisher,72515
1210,2017,11,Perisher,70718
1211,2017,12,Perisher,65364
1212,2017,13,Perisher,52565
1213,2017,14,Perisher,48963
1214,2017,15,Perisher,34698
1215,2018,1,Perisher,14866
1216,2018,2,Perisher,11276
1217,2018,3,Perisher,22795
1218,2018,4,Perisher,37741
1219,2018,5,Perisher,71310
1220,2018,6,Perisher,93226
1221,2018,7,Perisher,61632
1222,2018,8,Perisher,55592
1223,2018,9,Perisher,65256
1224,2018,10,Perisher,69540
1225,2018,11,Perisher,70211
1226,2018,12,Perisher,70681
1227,2018,13,Perisher,54342
1228,2018,14,Perisher,46265
1229,2018,15,Perisher,30146
1230,2019,1,Perisher,24730
1231,2019,2,Perisher,12913
1232,2019,3,Perisher,17700
1233,2019,4,Perisher,34236
1234,2019,5,Perisher,64459
1235,2019,6,Perisher,72800
1236,2019,7,Perisher,60123
1237,2019,8,Perisher,58944
1238,2019,9,Perisher,61440
1239,2019,10,Perisher,60344
1240,2019,11,Perisher,77783
1241,2019,12,Perisher,71288
1242,2019,13,Perisher,59693
1243,2019,14,Perisher,49945
1244,2019,15,Perisher,37747
1245,2020,1,Perisher,2987
1246,2020,2,Perisher,2205
1247,2020,3,Perisher,2373
1248,2020,4,Perisher,6968
1249,2020,5,Perisher,8403
1250,2020,6,Perisher,14350
1251,2020,7,Perisher,7748
1252,2020,8,Perisher,5264
1253,2020,9,Perisher,5356
1254,2020,10,Perisher,3128
1255,2020,11,Perisher,0
1256,2020,12,Perisher,0
1257,2020,13,Perisher,0
1258,2020,14,Perisher,0
1259,2020,15,Perisher,0
1260,2021,1,Perisher,6003
1261,2021,2,Perisher,10901
1262,2021,3,Perisher,24338
1263,2021,4,Perisher,43413
1264,2021,5,Perisher,55654
1265,2021,6,Perisher,22523
1266,2021,7,Perisher,8333
1267,2021,8,Perisher,29825
1268,2021,9,Perisher,25409
1269,2021,10,Perisher,19460
1270,2021,11,Perisher,18796
1271,2021,12,Perisher,7640
1272,2021,13,Perisher,5871
1273,2021,14,Perisher,5192
1274,2021,15,Perisher,8958
1275,2022,1,Perisher,37439
1276,2022,2,Perisher,38068
1277,2022,3,Perisher,42997
1278,2022,4,Perisher,68311
1279,2022,5,Perisher,77499
1280,2022,6,Perisher,66744
1281,2022,7,Perisher,66904
1282,2022,8,Perisher,64587
1283,2022,9,Perisher,60980
1284,2022,10,Perisher,65991
1285,2022,11,Perisher,65880
1286,2022,12,Perisher,65716
1287,2022,13,Perisher,49749
1288,2022,14,Perisher,37395
1289,2022,15,Perisher,32777
1290,2023,1,Perisher,11226
1291,2023,2,Perisher,13577
1292,2023,3,Perisher,28654
1293,2023,4,Perisher,59114
1294,2023,5,Perisher,66365
1295,2023,6,Perisher,63478
1296,2023,7,Perisher,58267
1297,2023,8,Perisher,55647
1298,2023,9,Perisher,52481
1299,2023,10,Perisher,54314
1300,2023,11,Perisher,53176
1301,2023,12,Perisher,45383
1302,2023,13,Perisher,30430
1303,2023,14,Perisher,19256
1304,2023,15,Perisher,13110
1305,2024,1,Perisher,7198
1306,2024,2,Perisher,9075
1307,2024,3,Perisher,12013
1308,2024,4,Perisher,26583
1309,2024,5,Perisher,60244
1310,2024,6,Perisher,64682
1311,2024,7,Perisher,60369
1312,2024,8,Perisher,57846
1313,2024,9,Perisher,62142
1314,2024,10,Perisher,55118
1315,2024,11,Perisher,49136
1316,2024,12,Perisher,43382
1317,2024,13,Perisher,23908
1318,2024,14,Perisher,8244
1319,2024,15,Perisher,5336
1320,2014,1,Charlotte Pass,408
1321,2014,2,Charlotte Pass,151
1322,2014,3,Charlotte Pass,230
1323,2014,4,Charlotte Pass,1134
1324,2014,5,Charlotte Pass,3403
1325,2014,6,Charlotte Pass,4305
1326,2014,7,Charlotte Pass,3236
1327,2014,8,Charlotte Pass,2901
1328,2014,9,Charlotte Pass,3391
1329,2014,10,Charlotte Pass,3549
1330,2014,11,Charlotte Pass,3608
1331,2014,12,Charlotte Pass,3258
1332,2014,13,Charlotte Pass,2837
1333,2014,14,Charlotte Pass,1898
1334,2014,15,Charlotte Pass,995
1335,2015,1,Charlotte Pass,892
1336,2015,2,Charlotte Pass,405
1337,2015,3,Charlotte Pass,501
1338,2015,4,Charlotte Pass,1303
1339,2015,5,Charlotte Pass,2645
1340,2015,6,Charlotte Pass,3211
1341,2015,7,Charlotte Pass,2996
1342,2015,8,Charlotte Pass,2661
1343,2015,9,Charlotte Pass,3148
1344,2015,10,Charlotte Pass,3473
1345,2015,11,Charlotte Pass,3719
1346,2015,12,Charlotte Pass,3358
1347,2015,13,Charlotte Pass,2909
1348,2015,14,Charlotte Pass,2403
1349,2015,15,Charlotte Pass,1492
1350,2016,1,Charlotte Pass,531
1351,2016,2,Charlotte Pass,301
1352,2016,3,Charlotte Pass,1096
1353,2016,4,Charlotte Pass,2705
1354,2016,5,Charlotte Pass,3570
1355,2016,6,Charlotte Pass,3316
1356,2016,7,Charlotte Pass,2689
1357,2016,8,Charlotte Pass,3038
1358,2016,9,Charlotte Pass,3384
1359,2016,10,Charlotte Pass,3549
1360,2016,11,Charlotte Pass,3259
1361,2016,12,Charlotte Pass,2951
1362,2016,13,Charlotte Pass,2070
1363,2016,14,Charlotte Pass,1385
1364,2016,15,Charlotte Pass,979
1365,2017,1,Charlotte Pass,1030
1366,2017,2,Charlotte Pass,478
1367,2017,3,Charlotte Pass,842
1368,2017,4,Charlotte Pass,1923
1369,2017,5,Charlotte Pass,3523
1370,2017,6,Charlotte Pass,4189
1371,2017,7,Charlotte Pass,3031
1372,2017,8,Charlotte Pass,2928
1373,2017,9,Charlotte Pass,3290
1374,2017,10,Charlotte Pass,4046
1375,2017,11,Charlotte Pass,3873
1376,2017,12,Charlotte Pass,3634
1377,2017,13,Charlotte Pass,2853
1378,2017,14,Charlotte Pass,2669
1379,2017,15,Charlotte Pass,1941
1380,2018,1,Charlotte Pass,825
1381,2018,2,Charlotte Pass,630
1382,2018,3,Charlotte Pass,1264
1383,2018,4,Charlotte Pass,2062
1384,2018,5,Charlotte Pass,3902
1385,2018,6,Charlotte Pass,5033
1386,2018,7,Charlotte Pass,3344
1387,2018,8,Charlotte Pass,3031
1388,2018,9,Charlotte Pass,3522
1389,2018,10,Charlotte Pass,3849
1390,2018,11,Charlotte Pass,3867
1391,2018,12,Charlotte Pass,3839
1392,2018,13,Charlotte Pass,2943
1393,2018,14,Charlotte Pass,2542
1394,2018,15,Charlotte Pass,1688
1395,2019,1,Charlotte Pass,1385
1396,2019,2,Charlotte Pass,700
1397,2019,3,Charlotte Pass,992
1398,2019,4,Charlotte Pass,1904
1399,2019,5,Charlotte Pass,3584
1400,2019,6,Charlotte Pass,3998
1401,2019,7,Charlotte Pass,3377
1402,2019,8,Charlotte Pass,3318
1403,2019,9,Charlotte Pass,3449
1404,2019,10,Charlotte Pass,3258
1405,2019,11,Charlotte Pass,4333
1406,2019,12,Charlotte Pass,3980
1407,2019,13,Charlotte Pass,3238
1408,2019,14,Charlotte Pass,2733
1409,2019,15,Charlotte Pass,2018
1410,2020,1,Charlotte Pass,161
1411,2020,2,Charlotte Pass,122
1412,2020,3,Charlotte Pass,133
1413,2020,4,Charlotte Pass,379
1414,2020,5,Charlotte Pass,457
1415,2020,6,Charlotte Pass,765
1416,2020,7,Charlotte Pass,422
1417,2020,8,Charlotte Pass,286
1418,2020,9,Charlotte Pass,292
1419,2020,10,Charlotte Pass,176
1420,2020,11,Charlotte Pass,0
1421,2020,12,Charlotte Pass,0
1422,2020,13,Charlotte Pass,0
1423,2020,14,Charlotte Pass,0
1424,2020,15,Charlotte Pass,0
1425,2021,1,Charlotte Pass,323
1426,2021,2,Charlotte Pass,597
1427,2021,3,Charlotte Pass,1307
1428,2021,4,Charlotte Pass,2355
1429,2021,5,Charlotte Pass,3029
1430,2021,6,Charlotte Pass,1219
1431,2021,7,Charlotte Pass,468
1432,2021,8,Charlotte Pass,1653
1433,2021,9,Charlotte Pass,1388
1434,2021,10,Charlotte Pass,1036
1435,2021,11,Charlotte Pass,1046
1436,2021,12,Charlotte Pass,424
1437,2021,13,Charlotte Pass,329
1438,2021,14,Charlotte Pass,286
1439,2021,15,Charlotte Pass,504
1440,2022,1,Charlotte Pass,2109
1441,2022,2,Charlotte Pass,2110
1442,2022,3,Charlotte Pass,2385
1443,2022,4,Charlotte Pass,3705
1444,2022,5,Charlotte Pass,4232
1445,2022,6,Charlotte Pass,3615
1446,2022,7,Charlotte Pass,3723
1447,2022,8,Charlotte Pass,3536
1448,2022,9,Charlotte Pass,3441
1449,2022,10,Charlotte Pass,3634
1450,2022,11,Charlotte Pass,3603
1451,2022,12,Charlotte Pass,3644
1452,2022,13,Charlotte Pass,2794
1453,2022,14,Charlotte Pass,2038
1454,2022,15,Charlotte Pass,1829
1455,2023,1,Charlotte Pass,605
1456,2023,2,Charlotte Pass,741
1457,2023,3,Charlotte Pass,1607
1458,2023,4,Charlotte Pass,3258
1459,2023,5,Charlotte Pass,3688
1460,2023,6,Charlotte Pass,3573
1461,2023,7,Charlotte Pass,3165
1462,2023,8,Charlotte Pass,3090
1463,2023,9,Charlotte Pass,2884
1464,2023,10,Charlotte Pass,2901
1465,2023,11,Charlotte Pass,2949
1466,2023,12,Charlotte Pass,2480
1467,2023,13,Charlotte Pass,1650
1468,2023,14,Charlotte Pass,1037
1469,2023,15,Charlotte Pass,705
1470,2024,1,Charlotte Pass,392
1471,2024,2,Charlotte Pass,505
1472,2024,3,Charlotte Pass,677
1473,2024,4,Charlotte Pass,1460
1474,2024,5,Charlotte Pass,3268
1475,2024,6,Charlotte Pass,3602
1476,2024,7,Charlotte Pass,3271
1477,2024,8,Charlotte Pass,3164
1478,2024,9,Charlotte Pass,3457
1479,2024,10,Charlotte Pass,3084
1480,2024,11,Charlotte Pass,2667
1481,2024,12,Charlotte Pass,2392
1482,2024,13,Charlotte Pass,1323
1483,2024,14,Charlotte Pass,454
1484,2024,15,Charlotte Pass,294
